address,postcode,city,price,type,rooms,size_1,size_2
"Vandflodvej 25, 6857 Blåvand",6857,Blåvand,3395000,Fritidsbolig,5,178,
"Drejet 36D, Spodsbj Drej, 5900 Rudkøbing",5900,Rudkøbing,1845000,Fritidsbolig,4,83,
"Marielyst Strandpark 46, 4873 Væggerløse",4873,Væggerløse,1995000,Fritidsbolig,5,115,
"Dillet 7, 4874 Gedser",4874,Gedser,1775000,Fritidsbolig,4,85,
"Hjelmvej 13, Elsegårde Strand",,Elsegårde Strand,1298000,Fritidsbolig,3,40,
"Baroniet 22, 3100 Hornbæk",3100,Hornbæk,4195000,Fritidsbolig,4,99,
"Slunden 56, Rindby Strand, 6720 Fanø",6720,Fanø,2495000,Fritidsbolig,5,92,
"Lerager 12, 3250 Gilleleje",3250,Gilleleje,3595000,Fritidsbolig,3,66,
"Strandvangsvej 5, Klint Str V, 4500 Nykøbing Sj",4500,Nykøbing Sj,1895000,Fritidsbolig,4,133,
"Birkevangsvej 18, 3100 Hornbæk",3100,Hornbæk,6995000,Fritidsbolig,3,88,
"Egernvej 12, Lodskovvad, 9982 Ålbæk",9982,Ålbæk,1095000,Fritidsbolig,3,76,
"Kybehuse 81, Vile, 7870 Roslev",7870,Roslev,735000,Fritidsbolig,4,58,
"Storhøjs Alle 7, Strand Esbønderup, 3250 Gilleleje",3250,Gilleleje,2795000,Fritidsbolig,3,98,
"Sigfred Jensens Vej 37, Bjerregaard, 6960 Hvide Sande",6960,Hvide Sande,1525000,Fritidsbolig,4,79,
"Skovsøvej 11, Sæbygård Feriecenter, 7870 Roslev",7870,Roslev,545000,Fritidsbolig,4,78,
"Drosselvej 1, 2670 Greve",2670,Greve,4245000,Fritidsbolig,2,61,
"Søndervang 80, Lønne, 6830 Nørre Nebel",6830,Nørre Nebel,1495000,Fritidsbolig,4,71,
"Strandvejen 61C, st. 113., Fanø Bad",,Fanø Bad,1245000,Fritidsbolig,2,44,
"Sandvej 4C, Fjellerup Strand, 8585 Glesborg",8585,Glesborg,2498000,Fritidsbolig,4,106,
"Arnakkevej 20, 4593 Eskebjerg",4593,Eskebjerg,1295000,Villa,6,163,
"Bøffelvej 2, Bunken, 9982 Ålbæk",9982,Ålbæk,1045000,Fritidsbolig,4,70,
"Hyldebærvej 47, Knasborg, 9982 Ålbæk",9982,Ålbæk,3295000,Fritidsbolig,6,211,
"Svanningevej 11, 5600 Faaborg",5600,Faaborg,695000,Villa,3,102,
"Nonboevej 5A, Fanø Bad, 6720 Fanø",6720,Fanø,2300000,Fritidsbolig,5,100,
"Strandvejen 52, 1. 114, Fanø Bad, 6720 Fanø",6720,Fanø,885000,Fritidsbolig,2,68,
"Vænget 4, 7130 Juelsminde",7130,Juelsminde,7875000,Fritidsbolig,6,151,
"Tornbjerrevej 54, Haurvig, 6960 Hvide Sande",6960,Hvide Sande,1925000,Fritidsbolig,5,103,
"Lindevej 33, 5600 Faaborg",5600,Faaborg,2495000,Villa,4,141,37.0
"Kirkeskovvej 19, Tåstrup, 4672 Klippinge",4672,Klippinge,1395000,Fritidsbolig,5,185,
"Thurøvej 44, Horne, 5600 Faaborg",5600,Faaborg,1895000,Fritidsbolig,3,69,
"Mågedalen 85, Houvig, 6950 Ringkøbing",6950,Ringkøbing,4495000,Fritidsbolig,5,160,
"Egelunden 19, Jegum, 6840 Oksbøl",6840,Oksbøl,1395000,Fritidsbolig,5,105,
"Violvej 2, Abildøre, 4560 Vig",4560,Vig,2550000,Fritidsbolig,4,80,
"Fasanstien 8, Ølsted Nordstrand, 3310 Ølsted",3310,Ølsted,1795000,Fritidsbolig,6,142,
"Brombærvej 18, 4500 Nykøbing Sj",4500,Nykøbing Sj,2245000,Fritidsbolig,4,77,
"Kanevænget 49, Salvig, 4305 Orø",4305,Orø,1195000,Fritidsbolig,3,69,
"Fjordstien 69, Søndervig, 6950 Ringkøbing",6950,Ringkøbing,1695000,Fritidsbolig,3,48,
"Lærkevejen 4, 4874 Gedser",4874,Gedser,1675000,Fritidsbolig,4,82,
"Østergade 10, 3250 Gilleleje",3250,Gilleleje,4465000,Fritidsbolig,3,56,
"Jættevej 6, 2740 Skovlunde",2740,Skovlunde,750000,Fritidsbolig,2,49,
"Ulstrupvej 5, Ulstrup, 9480 Løkken",9480,Løkken,895000,Fritidsbolig,4,82,
"Lundehøj 27, 3210 Vejby",3210,Vejby,2285000,Fritidsbolig,4,106,
"Froidal 22, Toftum, 6792 Rømø",6792,Rømø,1698000,Fritidsbolig,5,138,
"Musvågevej 54, Lodskovvad, 9982 Ålbæk",9982,Ålbæk,1795000,Fritidsbolig,4,94,
"Svalevej 5, Nordenhuse, 5800 Nyborg",5800,Nyborg,1875000,Fritidsbolig,3,62,
"Kystvejen 38, Hou, 9370 Hals",9370,Hals,1280000,Fritidsbolig,4,101,
"Skippervej 14, 6857 Blåvand",6857,Blåvand,3495000,Fritidsbolig,3,48,
"Baunevangen 26, Skoven, 3630 Jægerspris",3630,Jægerspris,895000,Fritidsbolig,3,65,
"Sankt Helene Vej 10F, 3220 Tisvildeleje",3220,Tisvildeleje,4375000,Fritidsbolig,4,161,
"Vandborgvej 63, Dybe",,Dybe,645000,Fritidsbolig,3,120,
"Fyrvej 24, 6857 Blåvand",6857,Blåvand,2998000,Fritidsbolig,4,89,
"Strandgården 77, 9300 Sæby",9300,Sæby,4495000,Fritidsbolig,4,102,
"Orionvej 9, 3100 Hornbæk",3100,Hornbæk,5995000,Fritidsbolig,4,100,
"Lyngstien 17, Hou, 9370 Hals",9370,Hals,2695000,Fritidsbolig,4,117,
"Helmklit 273, Nr Fjand, 6990 Ulfborg",6990,Ulfborg,1425000,Fritidsbolig,5,142,
"Halvrebene 38, Als, 9560 Hadsund",9560,Hadsund,1295000,Fritidsbolig,4,65,
"Lillebakken 27, Over Draaby Strand, 3630 Jægerspris",3630,Jægerspris,1375000,Fritidsbolig,3,62,
"Skåstrup Strand Øst 53, Skåstrup Str, 5400 Bogense",5400,Bogense,1175000,Fritidsbolig,3,67,
"Grev Moltke Vænget 12, 3210 Vejby",3210,Vejby,1895000,Fritidsbolig,4,72,
"Bjørnsknudevej 44B, 7130 Juelsminde",7130,Juelsminde,4495000,Fritidsbolig,4,101,
"Dagsværmervej 25, Lille Kregme, 3300 Frederiksværk",3300,Frederiksværk,1195000,Fritidsbolig,3,59,
"Nordsøvej 101, Søndervig, 6950 Ringkøbing",6950,Ringkøbing,6800000,Fritidsbolig,6,180,
"Gåsehagevej 1P, Øer Strand",,Øer Strand,2595000,Fritidsbolig,5,129,
"Karl Frandsens Vej 8, Kulhuse, 3630 Jægerspris",3630,Jægerspris,1075000,Fritidsbolig,2,47,
"Havstien 142, Søndervig, 6950 Ringkøbing",6950,Ringkøbing,2245000,Fritidsbolig,4,70,
"Nordre Strandvej 375, 3100 Hornbæk",3100,Hornbæk,6675000,Fritidsbolig,6,163,91.0
"Hårkjærvej 7E, Hoven, 6880 Tarm",6880,Tarm,595000,Fritidsbolig,3,50,
"Julianehåb 11, Kongsmark, 6792 Rømø",6792,Rømø,1990000,Fritidsbolig,4,107,
"Torpvej 17, Fanø Bad, 6720 Fanø",6720,Fanø,2400000,Fritidsbolig,5,80,
"Sandgravs-Åsen 8, Bakkebjerg, 3230 Græsted",3230,Græsted,2495000,Fritidsbolig,3,91,
"Engparken 22, 5871 Frørup",5871,Frørup,1475000,Fritidsbolig,3,69,
"Hvedemarken 25, Grønninghoved, 6093 Sjølund",6093,Sjølund,3295000,Fritidsbolig,4,101,
"Fiskervej 151, Vorupør, 7700 Thisted",7700,Thisted,1395000,Fritidsbolig,4,79,
"Stihøjvej 36, 4540 Fårevejle",4540,Fårevejle,1095000,Fritidsbolig,2,66,
"Vesterskovvej 8, 4772 Langebæk",4772,Langebæk,849000,Villa,5,140,
"Sivsangervej 47, Langesø, 3080 Tikøb",3080,Tikøb,2350000,Fritidsbolig,4,89,
"Østre Strandvej 73, Hasmark Strand, 5450 Otterup",5450,Otterup,1645000,Fritidsbolig,3,57,
"Pilestien 369, 7190 Billund",7190,Billund,1895000,Fritidsbolig,4,82,
"Glentebakken 9, Hjarbæk",,Hjarbæk,1695000,Fritidsbolig,4,70,
"Arcticvej 8, Vrist, 7673 Harboøre",7673,Harboøre,2995000,Fritidsbolig,7,199,
"Torndalstrand 45, 9370 Hals",9370,Hals,1350000,Fritidsbolig,4,74,
"Sandageren 9, 6857 Blåvand",6857,Blåvand,2745000,Fritidsbolig,5,138,
"Tangvej 28, Store Sjørup",,Store Sjørup,1245000,Fritidsbolig,5,138,
"Svinget 44, Albæk, 8930 Randers NØ",8930,Randers NØ,1795000,Fritidsbolig,1,39,
Kongevejen 187,,,1280000,Fritidsbolig,6,119,
"Kollemarken 73, 6857 Blåvand",6857,Blåvand,11800000,Fritidsbolig,6,250,
"Lyngvej 3, Sæbygård Feriecenter, 7870 Roslev",7870,Roslev,875000,Fritidsbolig,4,65,
"Hans Hansensvej 20, Lønne, 6830 Nørre Nebel",6830,Nørre Nebel,1395000,Fritidsbolig,5,88,
"Hovedgaden 34, 4913 Horslunde",4913,Horslunde,1095000,Villa,5,197,
"Golfsvinget 36, Gatten, 9640 Farsø",9640,Farsø,1595000,Fritidsbolig,3,90,
"Ulstrupvej 42, Ulstrup, 4281 Gørlev",4281,Gørlev,1395000,Villa,4,145,
"Nørgårds Strand 35, Sønderby, 7130 Juelsminde",7130,Juelsminde,2495000,Fritidsbolig,3,72,
"Mågevej 36, Furreby, 9480 Løkken",9480,Løkken,3395000,Fritidsbolig,5,89,
"Kræ Degns Vej 4, Klegod, 6950 Ringkøbing",6950,Ringkøbing,2248000,Fritidsbolig,4,113,
"Bøgealle 12, Lodbj Hede, 6950 Ringkøbing",6950,Ringkøbing,1595000,Fritidsbolig,4,79,
"Solsortevej 21, Draget",,Draget,745000,Fritidsbolig,4,87,
"Bakkesiden 14, Doverodde",,Doverodde,1175000,Fritidsbolig,4,86,
"Tingodden 200, Aargab, 6960 Hvide Sande",6960,Hvide Sande,2145000,Fritidsbolig,5,94,
"Blåbærvej 26, Napstjert, 9981 Jerup",9981,Jerup,1295000,Fritidsbolig,3,71,
"Lærkebakken 2, Kregme, 3300 Frederiksværk",3300,Frederiksværk,1495000,Fritidsbolig,3,40,
"Hasselvænget 2, Dyngby Strand, 8300 Odder",8300,Odder,1595000,Fritidsbolig,3,40,
Lyngageren 6,,,898000,Fritidsbolig,4,72,
"Fjorddalen 9, Hjarbæk",,Hjarbæk,2045000,Fritidsbolig,4,102,
"Siriusvej 6, Vejlby Fed, 5500 Middelfart",5500,Middelfart,1995000,Fritidsbolig,4,74,
"Hvidtjørnevej 3, Maglehøj, 4983 Dannemare",4983,Dannemare,775000,Fritidsbolig,3,33,
"Risengen 9, Bjerge Sydstrand, 4480 Store Fuglede",4480,Store Fuglede,1395000,Fritidsbolig,3,69,
"Fyrreleddet 1, Dalby Strand, 4281 Gørlev",4281,Gørlev,1195000,Villa,5,125,
"Åbenhusvej 1, Fjellerup Strand, 8585 Glesborg",8585,Glesborg,1295000,Fritidsbolig,3,62,
"Moseholmen 8, Svallerup, 4400 Kalundborg",4400,Kalundborg,1595000,Fritidsbolig,3,85,
"Gaffelbjergvej 34, Husby, 6990 Ulfborg",6990,Ulfborg,1795000,Fritidsbolig,5,95,
"Lerbakken 5, Skødshoved Strand",,Skødshoved Strand,2750000,Fritidsbolig,4,123,
"Aalumvej 34A, Agger",,Agger,4950000,Fritidsbolig,4,132,58.0
Sommervej 25,,,690000,Fritidsbolig,3,52,
"Havstien 74, Søndervig, 6950 Ringkøbing",6950,Ringkøbing,2745000,Fritidsbolig,5,110,
"Kramnitzevej 176, Kramnitze, 4970 Rødby",4970,Rødby,795000,Fritidsbolig,3,59,
"Dalen 25, Fanø Bad, 6720 Fanø",6720,Fanø,3750000,Fritidsbolig,6,137,
"Vestergårdsvej 10, Ellinge Lyng, 4560 Vig",4560,Vig,1395000,Fritidsbolig,3,97,
"Strandskadevej 65, Store Sjørup, 8950 Ørsted",8950,Ørsted,750000,Fritidsbolig,5,91,
"Kulmulevej 8, Lyngså, 9300 Sæby",9300,Sæby,1695000,Fritidsbolig,5,92,
"Bjerrelide 6, Bjerre",,Bjerre,1495000,Fritidsbolig,5,163,
"Havbjerge 15, Husby, 6990 Ulfborg",6990,Ulfborg,1595000,Fritidsbolig,3,68,
"Basevej 39, 4913 Horslunde",4913,Horslunde,1275000,Villa,10,281,
"Fjordvej 4, Mosebølle, 4640 Faxe",4640,Faxe,1395000,Fritidsbolig,3,62,
"Redningsvejen Nord 68, Hvorup Klit, 9480 Løkken",9480,Løkken,1425000,Fritidsbolig,3,52,
"Hoelgårdvej 24, 6100 Haderslev",6100,Haderslev,2545000,Fritidsbolig,5,116,
"Kjærgaardvej 43, Husby, 6990 Ulfborg",6990,Ulfborg,1975000,Fritidsbolig,7,172,
"Dr Mølle Strandvej 568S, 3120 Dronningmølle",3120,Dronningmølle,1950000,Fritidsbolig,3,43,
"Langholmvænget 26, Langholm, 4983 Dannemare",4983,Dannemare,975000,Fritidsbolig,4,80,
"Engvangen 27, Høve, 4550 Asnæs",4550,Asnæs,1195000,Fritidsbolig,3,72,
"Jeppesvej 10, Lønne, 6830 Nørre Nebel",6830,Nørre Nebel,1095000,Fritidsbolig,4,60,
Pumavej 1,,,1098000,Fritidsbolig,3,90,
"Nybyvej 11, Rindby Strand, 6720 Fanø",6720,Fanø,3395000,Fritidsbolig,6,173,
"Redningsvejen 47, Nymindegab, 6830 Nørre Nebel",6830,Nørre Nebel,3295000,Fritidsbolig,6,79,
"Vinkelbæk 16, Lavensby Mark",,Lavensby Mark,1600000,Fritidsbolig,4,82,
"Strandskadevej 40, Store Sjørup, 8950 Ørsted",8950,Ørsted,1895000,Fritidsbolig,4,123,
"Strandvejen 52, st. 73, Fanø Bad, 6720 Fanø",6720,Fanø,525000,Fritidsbolig,2,48,
"Modinsvej Vest 16, Bjerge Sydstrand, 4480 Store Fuglede",4480,Store Fuglede,3300000,Fritidsbolig,2,27,
"Nestorvej 1, 9370 Hals",9370,Hals,2390000,Fritidsbolig,5,119,
"Pilevænget 13, Bøged Strand, 4720 Præstø",4720,Præstø,995000,Fritidsbolig,2,47,
"Søvej 20, 3360 Liseleje",3360,Liseleje,4495000,Fritidsbolig,4,94,
"Strandvejen 52, 1. 57, Fanø Bad, 6720 Fanø",6720,Fanø,525000,Fritidsbolig,2,39,
"Kulhusgårdsvej 20, Kulhuse, 3630 Jægerspris",3630,Jægerspris,1450000,Fritidsbolig,3,77,
"Spiræavej 25, Skødshoved Strand",,Skødshoved Strand,2495000,Fritidsbolig,4,86,
"Enebærvej 9, Stauning, 6900 Skjern",6900,Skjern,1395000,Fritidsbolig,4,107,
"Dyrestien 523K, 4970 Rødby",4970,Rødby,649995,Fritidsbolig,2,46,
"Ægirvej 7, Elsegårde, 8400 Ebeltoft",8400,Ebeltoft,1795000,Fritidsbolig,4,66,
"Digestien 146L, 4970 Rødby",4970,Rødby,1800000,Fritidsbolig,4,103,
"Harestien 6, 6857 Blåvand",6857,Blåvand,3800000,Fritidsbolig,4,109,
"Egevang 3, Lumsås, 4500 Nykøbing Sj",4500,Nykøbing Sj,1450000,Fritidsbolig,3,71,
"Østerballevej 66, Hasmark Strand, 5450 Otterup",5450,Otterup,1795000,Fritidsbolig,4,78,
"Golfsvinget 40, 6200 Aabenraa",6200,Aabenraa,1395000,Fritidsbolig,4,103,
"Vidjeparken 90, Helberskov, 9560 Hadsund",9560,Hadsund,695000,Fritidsbolig,3,48,
"Hummingen Strandvej 47, Hummingen, 4983 Dannemare",4983,Dannemare,785000,Fritidsbolig,2,48,
"Rævlingevej 2, Reersø Ornum, 4281 Gørlev",4281,Gørlev,1095000,Fritidsbolig,3,53,
"Løntorp 5, Lønstrup, 9800 Hjørring",9800,Hjørring,3350000,Fritidsbolig,6,107,
"Vejby Strandvej 1, 3210 Vejby",3210,Vejby,6875000,Fritidsbolig,4,129,
"Borgsvej 2, Sjelborg, 6710 Esbjerg V",6710,Esbjerg V,2648000,Fritidsbolig,2,54,
"Tjørnelunden 15, Bjerge Str, 4480 Store Fuglede",4480,Store Fuglede,1695000,Fritidsbolig,4,79,
"Strandparksvej 74, Saksild Str, 8300 Odder",8300,Odder,2150000,Fritidsbolig,5,60,
"Stavildvej 59D, Lynderup",,Lynderup,1095000,Fritidsbolig,4,70,
"Danvej 30, 2740 Skovlunde",2740,Skovlunde,1750000,Fritidsbolig,3,50,
"Tirsdagsengen 62, 3400 Hillerød",3400,Hillerød,1655000,Fritidsbolig,2,65,
"Pilestien 304A, 4970 Rødby",4970,Rødby,1325000,Fritidsbolig,4,69,
"Privatvej 31A, Asserbo",,Asserbo,7995000,Fritidsbolig,4,149,
"Strandskadevej 11, Store Sjørup, 8950 Ørsted",8950,Ørsted,1235000,Fritidsbolig,4,120,
"Plantagevej 10, 4400 Kalundborg",4400,Kalundborg,1495000,Fritidsbolig,2,33,
"Møllehusvej 49, 6857 Blåvand",6857,Blåvand,2848000,Fritidsbolig,4,83,
"Golfsvinget 298, Gatten, 9640 Farsø",9640,Farsø,1495000,Fritidsbolig,3,66,
"Karen Brands Vej 169, 6960 Hvide Sande",6960,Hvide Sande,1698000,Fritidsbolig,3,68,
"Holmevej 26, Bjerge Strand",,Bjerge Strand,1295000,Fritidsbolig,3,62,
"Nordvang 38, Øster Hurup",,Øster Hurup,1195000,Fritidsbolig,3,56,
"Feriebyen 5, 3250 Gilleleje",3250,Gilleleje,3700000,Fritidsbolig,4,98,
"Langs Diget 13, 3220 Tisvildeleje",3220,Tisvildeleje,14550000,Fritidsbolig,5,147,68.0
"Oksevej 38, Bunken, 9982 Ålbæk",9982,Ålbæk,1895000,Fritidsbolig,4,88,
"Birkestien 137, 7190 Billund",7190,Billund,1920000,Fritidsbolig,4,82,
"Bjerges Leje 3, Sønderho, 6720 Fanø",6720,Fanø,1895000,Fritidsbolig,6,106,
"Tuehusvej 17, Rågeleje, 3210 Vejby",3210,Vejby,2095000,Fritidsbolig,4,97,
"Fjorddalen 7, Hjarbæk",,Hjarbæk,2045000,Fritidsbolig,4,102,
"Kegnæsmose 14, Kegnæs",,Kegnæs,950000,Fritidsbolig,3,67,
"Helsingevej 89, 3300 Frederiksværk",3300,Frederiksværk,5986000,Fritidsbolig,2,52,52.0
"Gåsehagevej 1E, Øer Strand",,Øer Strand,2248000,Fritidsbolig,5,124,
"Østre Klitvej 9, Fjellerup Strand, 8585 Glesborg",8585,Glesborg,1200000,Fritidsbolig,3,54,
"Lyngstien 10, 9982 Ålbæk",9982,Ålbæk,1995000,Fritidsbolig,5,101,
"Gyvelvej 15, Tversted, 9881 Bindslev",9881,Bindslev,1195000,Fritidsbolig,3,70,
"Bjerregårdsvej 10, Bjerregaard, 6960 Hvide Sande",6960,Hvide Sande,1650000,Fritidsbolig,4,108,
"Strandagervej 7, 3250 Gilleleje",3250,Gilleleje,4950000,Fritidsbolig,4,108,
"Rylevej 8, Yderby Lyng, 4583 Sjællands Odde",4583,Sjællands Odde,1995000,Fritidsbolig,4,116,
"Bramsensgårdvej 32, 6100 Haderslev",6100,Haderslev,2745000,Fritidsbolig,5,143,
"Hejrevej 75, 4760 Vordingborg",4760,Vordingborg,1195000,Fritidsbolig,4,96,
"Klæbjergvej 8, Esby",,Esby,2298000,Fritidsbolig,3,100,
"Overdrevsvej 1, Gelstrup, 4500 Nykøbing Sj",4500,Nykøbing Sj,1945000,Fritidsbolig,3,53,
"Blåbærvej 5, Skaven",,Skaven,1975000,Fritidsbolig,4,117,
"Dyremosevej 1, 3370 Melby",3370,Melby,2395000,Fritidsbolig,4,99,
"Arvidvej 148, Bjerregaard, 6960 Hvide Sande",6960,Hvide Sande,3198000,Fritidsbolig,5,120,
"Fiskenæsvej 2, 1. 3, 6300 Gråsten",6300,Gråsten,1725000,Fritidsbolig,2,60,
Hejsager Strandby 20,,,4495000,Fritidsbolig,3,80,
"Engledet 6, 3250 Gilleleje",3250,Gilleleje,3075000,Fritidsbolig,3,121,
"Strandvejen 61A, st. 107., Fanø Bad",,Fanø Bad,1295000,Fritidsbolig,2,44,
"Strandkrogen 2R, 3120 Dronningmølle",3120,Dronningmølle,3900000,Fritidsbolig,5,156,
"Aarrildsøvej 21, 6853 Vejers Strand",6853,Vejers Strand,1995000,Fritidsbolig,3,80,
"Dværgstien 1, Kårup, 4540 Fårevejle",4540,Fårevejle,1995000,Fritidsbolig,3,35,
"Sommerland 1, Odde, 9560 Hadsund",9560,Hadsund,795000,Fritidsbolig,4,69,
"Assegårdsvej 19, 3100 Hornbæk",3100,Hornbæk,4995000,Fritidsbolig,3,106,
"Østre Strand 21, Kobæk, 4230 Skælskør",4230,Skælskør,3995000,Fritidsbolig,4,122,
"Golfsvinget 4, Gatten, 9640 Farsø",9640,Farsø,1445000,Fritidsbolig,3,77,
"Charlottevej 10, Gudmindrup Lyng, 4573 Højby",4573,Højby,1999000,Fritidsbolig,3,52,
"Brøndsholmvej 14, Rågeleje, 3210 Vejby",3210,Vejby,2545000,Fritidsbolig,4,104,
"Langholmparken 2, 4983 Dannemare",4983,Dannemare,580000,Fritidsbolig,3,110,
"Kronvildtvej 136, Krogen, 9460 Brovst",9460,Brovst,1195000,Fritidsbolig,4,90,
"Rørsangervej 36, Lodbj Hede, 6950 Ringkøbing",6950,Ringkøbing,2798000,Fritidsbolig,5,120,
"Nygårdsvej 10, Kaldred, 4593 Eskebjerg",4593,Eskebjerg,865000,Fritidsbolig,3,60,
"Sandlyngen 27, 3300 Frederiksværk",3300,Frederiksværk,2785000,Fritidsbolig,6,142,
"Mellemgaden 11, Nordby, 6720 Fanø",6720,Fanø,1600000,Fritidsbolig,2,41,
"Klintebjergvej 43, Klint, 4500 Nykøbing Sj",4500,Nykøbing Sj,6500000,Fritidsbolig,4,79,
"P Snejkers Vej 23, Søndervig, 6950 Ringkøbing",6950,Ringkøbing,2298000,Fritidsbolig,5,149,
"Bjerregårdsvej 275, Bjerregaard, 6960 Hvide Sande",6960,Hvide Sande,1345000,Fritidsbolig,5,78,
"Bækvej 6, Hasmark Strand, 5450 Otterup",5450,Otterup,1385000,Fritidsbolig,3,58,
"Frede Juels Vej 218, Sønderby, 7130 Juelsminde",7130,Juelsminde,2195000,Fritidsbolig,4,71,
"Hf. Sønderbro 41, 2791 Dragør",2791,Dragør,1195000,Fritidsbolig,3,48,
"Helligsøvej 12B, Draget",,Draget,1795000,Fritidsbolig,4,94,
"Astrup Vig 112, Astrup Vig, 7870 Roslev",7870,Roslev,1075000,Fritidsbolig,5,121,
"Hf. Maglebylund 167, 2791 Dragør",2791,Dragør,1495000,Fritidsbolig,4,48,
"Slettevej 11, Rågeleje, 3210 Vejby",3210,Vejby,3250000,Fritidsbolig,4,63,
"Sandtag 32, Lønne, 6830 Nørre Nebel",6830,Nørre Nebel,1295000,Fritidsbolig,4,76,
"Agger Havn Feriecenter 89, Agger",,Agger,775000,Fritidsbolig,4,57,
"Golfsvinget 217, Gatten, 9640 Farsø",9640,Farsø,1495000,Fritidsbolig,3,66,
"Sandlodvej 7, 3250 Gilleleje",3250,Gilleleje,2995000,Fritidsbolig,4,68,
"Stenmosevej 5, Høve, 4550 Asnæs",4550,Asnæs,1995000,Fritidsbolig,5,126,
"Bækrenden 1, Lønstrup, 9800 Hjørring",9800,Hjørring,3995000,Fritidsbolig,4,100,
"Hvide Hus Vej 3, 207, 8400 Ebeltoft",8400,Ebeltoft,3250000,Fritidsbolig,3,114,
Tirsdagsengen 21,,,1435000,Fritidsbolig,2,50,
"Tredie Tangvej 6, 3100 Hornbæk",3100,Hornbæk,19800000,Fritidsbolig,8,224,
"Sortebærdalen 23, Houvig, 6950 Ringkøbing",6950,Ringkøbing,2695000,Fritidsbolig,6,120,
"Pilehavevej 9, Yderby Lyng, 4583 Sjællands Odde",4583,Sjællands Odde,2195000,Fritidsbolig,4,100,
Øerkrogvejen 2 119 &121,,,2995000,Fritidsbolig,7,114,
"Piledybet 59, Hesselbjerg, 5932 Humble",5932,Humble,1995000,Fritidsbolig,4,59,
"Lille Stege 16, Dyreborg, 5600 Faaborg",5600,Faaborg,5995000,Fritidsbolig,4,128,
"Stangevej 15, Østerlars, 3760 Gudhjem",3760,Gudhjem,2995000,Fritidsbolig,3,161,
"Yasmin-Rose Stien 63, Ejby, 2600 Glostrup",2600,Glostrup,1995000,Fritidsbolig,3,63,
"Engdraget 10, Lyby Strand, 7870 Roslev",7870,Roslev,2395000,Fritidsbolig,4,98,
"Golfbanevej 310L, 4970 Rødby",4970,Rødby,1900000,Fritidsbolig,4,104,
"Pilemosevej 3, Kaldred, 4593 Eskebjerg",4593,Eskebjerg,760000,Fritidsbolig,3,52,
"Mågevej 15, Store Sjørup, 8950 Ørsted",8950,Ørsted,995000,Fritidsbolig,2,83,
"Klejs Skovvej 13, Klejs",,Klejs,725000,Fritidsbolig,2,55,
"Kliren 9, Langdal, 6792 Rømø",6792,Rømø,1895000,Fritidsbolig,4,110,
"Skovsangervej 8, Fuglsø",,Fuglsø,3499000,Fritidsbolig,4,93,
"Vibo Østvej 12, 4500 Nykøbing Sj",4500,Nykøbing Sj,3785000,Fritidsbolig,4,79,
"Kalkvej 1, Vormark, 5874 Hesselager",5874,Hesselager,1499000,Villa,6,185,
"Stub-Åsen 3, Rågeleje, 3210 Vejby",3210,Vejby,1595000,Fritidsbolig,2,59,
"Stærevænget 35, Vellerup, 4050 Skibby",4050,Skibby,1395000,Fritidsbolig,2,62,
"Rosningvej 119, 4953 Vesterborg",4953,Vesterborg,1195000,Villa,5,138,
"Vorbækvej 18, Saksild Str, 8300 Odder",8300,Odder,1695000,Fritidsbolig,3,64,
"Strandvejen 61C, st. 112, Fanø Bad, 6720 Fanø",6720,Fanø,1098000,Fritidsbolig,2,44,
"Hvidbjergvej 71, Søndervig, 6950 Ringkøbing",6950,Ringkøbing,2398000,Fritidsbolig,3,45,
"Porsdam 12, 2650 Hvidovre",2650,Hvidovre,1795000,Fritidsbolig,1,24,
"Strandskrænten 22, 4400 Kalundborg",4400,Kalundborg,2495000,Fritidsbolig,6,116,
"Tranehalsen 5, Gevninge, 4000 Roskilde",4000,Roskilde,5550000,Fritidsbolig,3,124,
"Stabelhøjen 16, Handrup Strand",,Handrup Strand,3200000,Fritidsbolig,4,94,
"Rødhalsevej 18, Ll Kongsmark, 4200 Slagelse",4200,Slagelse,1795000,Fritidsbolig,4,90,
"Klint Strandvej 78, st. th, Nyrup, 4500 Nykøbing Sj",4500,Nykøbing Sj,1750000,Fritidsbolig,3,100,
"Fuglevænget 4, Bisserup, 4243 Rude",4243,Rude,2995000,Fritidsbolig,3,70,
"Revlen 16, Bratten, 9981 Jerup",9981,Jerup,1895000,Fritidsbolig,5,144,
"Gulspurvevej 5, Ll Kongsmark, 4200 Slagelse",4200,Slagelse,1475000,Fritidsbolig,4,98,
"Strandvejen 52, 2. 76, Fanø Bad, 6720 Fanø",6720,Fanø,645000,Fritidsbolig,2,50,
"Hummervej 10, Egsmark Strand",,Egsmark Strand,2895000,Fritidsbolig,3,50,
"Østervej 35, 8592 Anholt",8592,Anholt,2595000,Fritidsbolig,3,67,
"Hejrevej 22, Store Sjørup",,Store Sjørup,1345000,Fritidsbolig,5,118,
"Øreflippen 7B, Øer Strand",,Øer Strand,2895000,Fritidsbolig,6,147,
"Plantagevej 9, Kulhuse, 3630 Jægerspris",3630,Jægerspris,1395000,Fritidsbolig,4,70,
"Pindalsvej 9, 4550 Asnæs",4550,Asnæs,1195000,Fritidsbolig,4,65,
"Blåvandvej 38A, 6857 Blåvand",6857,Blåvand,2875000,Fritidsbolig,4,124,
"Stjernebakken 12, Veddinge Bk, 4540 Fårevejle",4540,Fårevejle,9995000,Villa,13,290,76.0
"Strandvænget 6, Saksild Str, 8300 Odder",8300,Odder,3595000,Fritidsbolig,6,143,
"Strandengen 18, Kulhuse, 3630 Jægerspris",3630,Jægerspris,1645000,Fritidsbolig,3,77,
"Koralvej 17, Hou, 9370 Hals",9370,Hals,2100000,Fritidsbolig,4,96,
"Fasanvænget 5, Over Draaby Strand, 3630 Jægerspris",3630,Jægerspris,1475000,Fritidsbolig,2,105,
"P S Carlsvej 22, Kromose, 6792 Rømø",6792,Rømø,1995000,Fritidsbolig,4,67,
"Strandskadevej 26, 4760 Vordingborg",4760,Vordingborg,1995000,Fritidsbolig,3,80,
"Torpet 96, 6682 Hovborg",6682,Hovborg,945000,Fritidsbolig,4,78,
"S. Jonassens Vej 32, Egsmark Strand",,Egsmark Strand,2595000,Fritidsbolig,4,97,
"Hjadstrupvej 10, Hjadstrup, 5450 Otterup",5450,Otterup,595000,Villa,6,105,
"Øgavl 203, Thurø, 5700 Svendborg",5700,Svendborg,3195000,Fritidsbolig,3,40,
"Bakkevej 8, Jegindø",,Jegindø,1195000,Fritidsbolig,4,96,
"Lupinvej 93, 4873 Væggerløse",4873,Væggerløse,1295000,Fritidsbolig,4,93,
"Skovduevej 7, Saksild Str, 8300 Odder",8300,Odder,3695000,Fritidsbolig,4,74,
"Sitkastien 5, Øster Hurup, 9560 Hadsund",9560,Hadsund,2895000,Fritidsbolig,7,133,
"Fjorddalen 6, Hjarbæk",,Hjarbæk,1875000,Fritidsbolig,4,85,
"Skovtoften 28, 3790 Hasle",3790,Hasle,2500000,Fritidsbolig,4,83,
"Edenvej 3, Horneby Fælled, 3100 Hornbæk",3100,Hornbæk,7800000,Fritidsbolig,3,135,
"Haslevgårde Eng 21, Als, 9560 Hadsund",9560,Hadsund,1698000,Fritidsbolig,4,82,
"Skandsen 68, 4900 Nakskov",4900,Nakskov,745000,Villa,3,106,4.0
"Merkurvej 67, 9370 Hals",9370,Hals,3100000,Fritidsbolig,3,125,
"Hejrevej 25, Store Sjørup, 8950 Ørsted",8950,Ørsted,1175000,Fritidsbolig,3,71,
"Vinterlejevej 21, Haurvig, 6960 Hvide Sande",6960,Hvide Sande,1145000,Fritidsbolig,4,72,
"Bakkevej 14, Jegindø",,Jegindø,1925000,Fritidsbolig,4,72,
"Birkelunden 48, Jegum, 6840 Oksbøl",6840,Oksbøl,875000,Fritidsbolig,4,52,
"Store Agre 12, 4245 Omø",4245,Omø,2495000,Fritidsbolig,5,86,
"Nygårdstoft 9, Rindby Strand, 6720 Fanø",6720,Fanø,1895000,Fritidsbolig,4,74,
"Haslevgaarde Bakker 25, Haslevgaarde, 9560 Hadsund",9560,Hadsund,799000,Fritidsbolig,3,60,
"Havvej 18, Haurvig, 6960 Hvide Sande",6960,Hvide Sande,2765000,Fritidsbolig,4,93,
"Sandholmsvej 5 & 5A, Lyngsbæk",,Lyngsbæk,1595000,Fritidsbolig,4,64,
"Vangeleds-Åsen 18, Rågeleje, 3210 Vejby",3210,Vejby,1849000,Fritidsbolig,3,69,
"Vestvej 26, 9370 Hals",9370,Hals,1680000,Fritidsbolig,4,100,
"Svinget 3, Mørkholt, 7080 Børkop",7080,Børkop,3295000,Fritidsbolig,3,58,
Kongevejen 124,,,1790000,Fritidsbolig,4,109,
"Ejerslev Lyng 24 m.fl., Ejerslev",,"m.fl., Ejerslev",895000,Fritidsbolig,3,75,30.0
"Birkelunden 10, Kisserup, 4300 Holbæk",4300,Holbæk,1545000,Fritidsbolig,3,96,
"Froidal 18, Toftum, 6792 Rømø",6792,Rømø,2395000,Fritidsbolig,6,148,
"Strandvænget 14, Helberskov, 9560 Hadsund",9560,Hadsund,1195000,Fritidsbolig,4,86,
"Strandgårdsvej 15, Enø",,Enø,1995000,Fritidsbolig,3,76,
"Astrup Vig 110, Astrup Vig, 7870 Roslev",7870,Roslev,795000,Fritidsbolig,3,96,
"Mathiesens Enghave 28, Kulhuse, 3630 Jægerspris",3630,Jægerspris,2995000,Fritidsbolig,3,81,
"Øreflippen 61, Øer Strand",,Øer Strand,3495000,Fritidsbolig,6,180,
"Villesensvej 17, Fjellerup Strand, 8585 Glesborg",8585,Glesborg,1498000,Fritidsbolig,6,146,
"Rævevej 6, Tversted, 9881 Bindslev",9881,Bindslev,1995000,Fritidsbolig,6,130,
"Golfsvinget 5, Gatten, 9640 Farsø",9640,Farsø,1645000,Fritidsbolig,3,95,
"Kystvejen 179, Egsmark, 8400 Ebeltoft",8400,Ebeltoft,2995000,Fritidsbolig,3,90,
"Ibisvej 21, 3120 Dronningmølle",3120,Dronningmølle,2200000,Fritidsbolig,3,49,
"Musvitvej 4, Kregme, 3300 Frederiksværk",3300,Frederiksværk,945000,Fritidsbolig,3,63,
"Bøhlørevej 2, Jegindø, 7790 Thyholm",7790,Thyholm,1295000,Fritidsbolig,4,72,
"Tuemosen 6, Rågeleje, 3210 Vejby",3210,Vejby,3495000,Fritidsbolig,4,102,
"Duetoften 7, Rindby Strand, 6720 Fanø",6720,Fanø,1995000,Fritidsbolig,4,78,
"Strandvejen 52, st. 2., Fanø Bad",,Fanø Bad,825000,Fritidsbolig,2,67,
"Golfvejen 2A, 1. 322., Fanø Bad",,Fanø Bad,980000,Fritidsbolig,2,49,
"Møllehusvej 10, Valby, 4653 Karise",4653,Karise,845000,Fritidsbolig,4,105,
"Birkevangsvej 7, Kildekrog, 3100 Hornbæk",3100,Hornbæk,11900000,Fritidsbolig,5,159,
"Åhusene 6, Ejby, 4070 Kirke Hyllinge",4070,Kirke Hyllinge,1295000,Fritidsbolig,3,80,
"Lillebro 30, Lillebrohuse, 5450 Otterup",5450,Otterup,1095000,Villa,6,191,
"Rypevej 4, Øer, 8400 Ebeltoft",8400,Ebeltoft,1495000,Fritidsbolig,4,70,
"Rønne Alle 17, Dragsmur",,Dragsmur,1875000,Fritidsbolig,3,75,
"Asynjevej 53, 2740 Skovlunde",2740,Skovlunde,1595000,Fritidsbolig,3,50,
"Leifa Tværvej 2, 4550 Asnæs",4550,Asnæs,1695000,Fritidsbolig,5,102,
"Strandvejen 52, st. 14, Fanø Bad, 6720 Fanø",6720,Fanø,885000,Fritidsbolig,2,68,
"Pøt Strandby 336, Østrup, 7130 Juelsminde",7130,Juelsminde,1795000,Fritidsbolig,5,92,
"Arvidvej 104, Bjerregaard, 6960 Hvide Sande",6960,Hvide Sande,2195000,Fritidsbolig,4,92,
"Desmervej 10, Vibæk Strand",,Vibæk Strand,1495000,Fritidsbolig,4,68,
"Præstemosen 245, 2650 Hvidovre",2650,Hvidovre,2195000,Fritidsbolig,2,57,
"Mindevej 22, Dalby Strand, 4281 Gørlev",4281,Gørlev,950000,Fritidsbolig,3,50,2.0
"Marthasvej 5, Trend, 9670 Løgstør",9670,Løgstør,1350000,Fritidsbolig,4,79,
"Bredholtvej 64, H/F DAHLIA 87, 2650 Hvidovre",2650,Hvidovre,1100000,Fritidsbolig,2,30,
"Fiskerhusene 20, Bågø, 5610 Assens",5610,Assens,3500000,Fritidsbolig,6,148,9.0
"Skovtved 8, Ulsted, 7884 Fur",7884,Fur,2395000,Fritidsbolig,4,129,
"Sletten 37, Odde",,Odde,695000,Fritidsbolig,4,56,
"Solskinsvej 58, Vigsø",,Vigsø,685000,Fritidsbolig,3,61,
"Skrubbevej 1, Egsmark Strand",,Egsmark Strand,3250000,Fritidsbolig,3,75,
"Mejsevænget 1, 7130 Juelsminde",7130,Juelsminde,3195000,Fritidsbolig,3,90,
"Kongsmarkvej 204, 4200 Slagelse",4200,Slagelse,6498000,Fritidsbolig,4,103,
"Jennysvej 23, Grønhøj, 9480 Løkken",9480,Løkken,2995000,Fritidsbolig,5,124,
"Hasidvej 2, Rindby Strand, 6720 Fanø",6720,Fanø,2150000,Fritidsbolig,4,61,
"Bragesalle 2, 4500 Nykøbing Sj",4500,Nykøbing Sj,2235000,Fritidsbolig,4,81,
"Kirchheinersvej 60, 4500 Nykøbing Sj",4500,Nykøbing Sj,3495000,Fritidsbolig,3,65,
"Vibevej 20, 3100 Hornbæk",3100,Hornbæk,7985000,Fritidsbolig,8,140,
"Hyldestien 257, 7190 Billund",7190,Billund,1550000,Fritidsbolig,3,58,
"Rødvej 11, Bursø, 4930 Maribo",4930,Maribo,795000,Fritidsbolig,2,63,
"Tangvej 41, Store Sjørup",,Store Sjørup,1195000,Fritidsbolig,4,117,
"Kløvertoften 33, Bøsøre, 5874 Hesselager",5874,Hesselager,1095000,Fritidsbolig,3,64,
"Mylius Erichsensvej 15, Kongsmark, 6792 Rømø",6792,Rømø,2650000,Fritidsbolig,9,205,
"Fuglebakkevej 26A og 26B, Fuglslev",,Fuglslev,1250000,Fritidsbolig,3,53,
"Tagensvej 6, Sillerslev, 7990 Øster Assels",7990,Øster Assels,895000,Fritidsbolig,3,50,
"Myntevej 33, Tørring, 7620 Lemvig",7620,Lemvig,995000,Fritidsbolig,4,65,
"Kræ Degns Vej 61, Klegod, 6950 Ringkøbing",6950,Ringkøbing,4995000,Fritidsbolig,5,200,
"Sand Holms Vej 67, Søndervig, 6950 Ringkøbing",6950,Ringkøbing,1998000,Fritidsbolig,3,46,
"Krikvænge 30, Agger",,Agger,625000,Fritidsbolig,2,41,
"Solvejen 30, Lammefjorden, 4571 Grevinge",4571,Grevinge,595000,Fritidsbolig,2,41,
"Viktoriavej 13, Vejlby, 7673 Harboøre",7673,Harboøre,1995000,Fritidsbolig,5,122,
Skovduevej 15,,,3800000,Fritidsbolig,4,96,
"Fjand Strand 3, 6990 Ulfborg",6990,Ulfborg,1150000,Fritidsbolig,4,87,
Hf. Dahlia 14,,,795000,Fritidsbolig,3,32,
"Bakkedraget 10, St. Havelse Strand, 3310 Ølsted",3310,Ølsted,995000,Fritidsbolig,3,44,
"Øreflippen 49, Øer Strand",,Øer Strand,1595000,Fritidsbolig,4,82,
"Fyrmarken 215, Nr Lyngvig, 6960 Hvide Sande",6960,Hvide Sande,2198000,Fritidsbolig,5,133,
"Golfstien 124B, 4970 Rødby",4970,Rødby,1365000,Fritidsbolig,4,69,
"Uglestien 5, Asserbo",,Asserbo,2575000,Fritidsbolig,4,50,
"Bjergehusvej 2, Vejlby Klit",,Vejlby Klit,795000,Fritidsbolig,3,52,
"Strandparken 27, 6857 Blåvand",6857,Blåvand,6995000,Fritidsbolig,5,108,
"Nordre Strandvej 391, 3100 Hornbæk",3100,Hornbæk,6500000,Fritidsbolig,4,106,4.0
"Remmerstrandvej 111, Remmerstrand, 7620 Lemvig",7620,Lemvig,1295000,Villa,5,172,
"Østervangen 3, Ølsted Nordstrand, 3310 Ølsted",3310,Ølsted,1295000,Fritidsbolig,3,50,
"Kløvertoften 29, Bøsøre, 5874 Hesselager",5874,Hesselager,1675000,Fritidsbolig,6,111,
"Strandgården 39, 9300 Sæby",9300,Sæby,2798000,Fritidsbolig,5,96,
"Rønne Alle 1, 3210 Vejby",3210,Vejby,3175000,Fritidsbolig,6,137,
"Perikumvej 27, Slettestrand",,Slettestrand,1870000,Fritidsbolig,3,100,
"Poppelhegnet 2, Bjerge Str, 4480 Store Fuglede",4480,Store Fuglede,1095000,Fritidsbolig,3,50,
"Tokkerengen 10, Kisserup, 4300 Holbæk",4300,Holbæk,795000,Fritidsbolig,2,91,
"Græsholmen 15, 2650 Hvidovre",2650,Hvidovre,2295000,Fritidsbolig,2,57,
"Steenbeks-Ager 23, Smidstrup, 3250 Gilleleje",3250,Gilleleje,1995000,Fritidsbolig,3,58,
"Osvejen 130, Bjerge Sydstrand, 4281 Gørlev",4281,Gørlev,1395000,Fritidsbolig,4,92,10.0
"Engledet 3, 3250 Gilleleje",3250,Gilleleje,3495000,Fritidsbolig,3,62,
"Agger Havn Feriecenter 40, Agger, 7770 Vestervig",7770,Vestervig,745000,Fritidsbolig,4,60,
"Golfsvinget 147, Gatten, 9640 Farsø",9640,Farsø,1595000,Fritidsbolig,4,92,
"Indemarken 26, Skal Klit, 9800 Hjørring",9800,Hjørring,1995000,Fritidsbolig,6,120,
"Fenrisvej 9, Melby Enghave, 3370 Melby",3370,Melby,2145000,Fritidsbolig,6,156,
"Petersvej 6, Lyngså, 9300 Sæby",9300,Sæby,1998000,Fritidsbolig,3,89,
"Kongevejen 22, 9370 Hals",9370,Hals,998000,Fritidsbolig,3,76,
"Havvænge 45, Agger",,Agger,645000,Fritidsbolig,2,44,
"Kambregnen 18, Kyndeløse, 4070 Kirke Hyllinge",4070,Kirke Hyllinge,995000,Fritidsbolig,3,55,
"Hyrdevænget 22,",,,3475000,Fritidsbolig,4,110,
"Sandvejen 15, Asdal, 9850 Hirtshals",9850,Hirtshals,1445000,Fritidsbolig,4,76,
"Nordsøvej 34, Søndervig, 6950 Ringkøbing",6950,Ringkøbing,2995000,Fritidsbolig,4,82,
"Osbornsvej 37, 9370 Hals",9370,Hals,1795000,Fritidsbolig,4,102,
"Landevejen 56, Sønderho",,Sønderho,2148000,Fritidsbolig,4,80,
"Broengen 11, Dalby Huse, 3630 Jægerspris",3630,Jægerspris,699000,Fritidsbolig,2,51,
"Klintevej 9, Gjellerodde, 7620 Lemvig",7620,Lemvig,1495000,Fritidsbolig,3,84,
"Hejsager Strandby 75, 6100 Haderslev",6100,Haderslev,3795000,Fritidsbolig,3,98,
"Fjorddalen 24, 6000 Kolding",6000,Kolding,2195000,Fritidsbolig,2,50,
"Hvilesteens-Ager 8, Udsholt, 3230 Græsted",3230,Græsted,2245000,Fritidsbolig,4,122,
"Sivvænget 49, Stauning, 6900 Skjern",6900,Skjern,1045000,Fritidsbolig,3,69,
"Engbakken 13, Skuldelev, 4050 Skibby",4050,Skibby,920000,Fritidsbolig,2,70,
"Støberivej 5, Balka, 3730 Nexø",3730,Nexø,1695000,Fritidsbolig,4,77,
"Hvedevej 1, 4874 Gedser",4874,Gedser,1295000,Fritidsbolig,4,76,
"Blakshaven 12, Ahl Strand",,Ahl Strand,2198000,Fritidsbolig,5,83,
"Sønderho Strandvej 70, Sønderho, 6720 Fanø",6720,Fanø,2999000,Fritidsbolig,4,96,
"Skadevej 30, Handrup, 8400 Ebeltoft",8400,Ebeltoft,2495000,Fritidsbolig,5,95,
"Aspevej 9, Brøndum, 9690 Fjerritslev",9690,Fjerritslev,1175000,Fritidsbolig,4,78,
"Milevej 8, Klegod, 6950 Ringkøbing",6950,Ringkøbing,2998000,Fritidsbolig,4,119,
"Pindskrog 13, Snave, 5683 Haarby",5683,Haarby,2395000,Villa,6,167,
"Horns Bjerge 54, 6857 Blåvand",6857,Blåvand,5295000,Fritidsbolig,8,188,
"Fasanvej 32, Hesselbjerg, 5932 Humble",5932,Humble,2395000,Fritidsbolig,5,118,
"Tjørneholmvej 15, Ebbeløkke, 4500 Nykøbing Sj",4500,Nykøbing Sj,2995000,Fritidsbolig,4,50,
"Sølvgranen 13, Ulvshale, 4780 Stege",4780,Stege,1295000,Fritidsbolig,4,60,
"Telegrafvej 2, 4581 Rørvig",4581,Rørvig,7300000,Fritidsbolig,5,143,30.0
"Kandestedvej 85, Hulsig, 9990 Skagen",9990,Skagen,1150000,Fritidsbolig,4,95,
"Granstien 50, 8250 Egå",8250,Egå,3995000,Fritidsbolig,4,97,
"Soløjevej 10, 4873 Væggerløse",4873,Væggerløse,1095000,Fritidsbolig,3,46,
"Indemarken 28, Skal Klit, 9800 Hjørring",9800,Hjørring,1495000,Fritidsbolig,4,75,
"Over Stranden 1, Lystrup Strand, 8961 Allingåbro",8961,Allingåbro,3495000,Fritidsbolig,4,94,
"Ved Skoven 8, Fanø Bad, 6720 Fanø",6720,Fanø,2745000,Fritidsbolig,4,86,
"Aktievej 33, 4874 Gedser",4874,Gedser,845000,Fritidsbolig,3,50,
Strandstien 124 og 126 Strib,,Strib,3495000,Fritidsbolig,3,62,
"Nørballevej 35, Ho, 6857 Blåvand",6857,Blåvand,1795000,Fritidsbolig,3,96,
"Tinkerup Strandvej 18, 3250 Gilleleje",3250,Gilleleje,2495000,Fritidsbolig,4,139,51.0
"Bygaden 24, 8592 Anholt",8592,Anholt,2595000,Fritidsbolig,4,140,
"Hejrevej 10, Store Sjørup, 8950 Ørsted",8950,Ørsted,925000,Fritidsbolig,4,76,
"Mellemsvinget 11, St. Havelse, 3310 Ølsted",3310,Ølsted,1095000,Fritidsbolig,4,51,
"Strandvejen 61C, 1. 205, Fanø Bad, 6720 Fanø",6720,Fanø,1165000,Fritidsbolig,2,44,
"Søndervænget 11A, Rindby Strand, 6720 Fanø",6720,Fanø,2350000,Fritidsbolig,4,75,
"Vesterskovvej 6, 4772 Langebæk",4772,Langebæk,549000,Villa,3,103,
"Lilje-Rose Stien 19, Ejby, 2600 Glostrup",2600,Glostrup,2095000,Fritidsbolig,2,63,
"Jættevej 14, 2740 Skovlunde",2740,Skovlunde,1550000,Fritidsbolig,3,50,
"Ternevej 27, Store Sjørup, 8950 Ørsted",8950,Ørsted,1095000,Fritidsbolig,4,88,
"Poseregårdsvejen 19, Pedersker, 3720 Aakirkeby",3720,Aakirkeby,1795000,Fritidsbolig,4,83,
"Bork Hytteby 238, Sdr Bork, 6893 Hemmet",6893,Hemmet,795000,Fritidsbolig,2,50,
"Skovduevej 1,",,,3000000,Fritidsbolig,3,120,
"Strandvejen 52, st. 10., Fanø Bad",,Fanø Bad,799000,Fritidsbolig,2,68,
"Strandvejen 52, 1. 63, Fanø Bad, 6720 Fanø",6720,Fanø,525000,Fritidsbolig,2,39,
"Trohøjen 10, Smidstrup, 3250 Gilleleje",3250,Gilleleje,2195000,Fritidsbolig,4,79,
"Møllehusvej 32A, 6857 Blåvand",6857,Blåvand,6500000,Fritidsbolig,7,213,
"Pramdragerparken 131, Truust, 8882 Fårvang",8882,Fårvang,1195000,Fritidsbolig,5,91,
"Leifavej Vestre 30, 4550 Asnæs",4550,Asnæs,1295000,Fritidsbolig,3,92,38.0
"Thurøvej 28, Horne, 5600 Faaborg",5600,Faaborg,3195000,Fritidsbolig,4,107,
"Midtervang 5, Tengslemrk L, 4573 Højby",4573,Højby,5495000,Fritidsbolig,6,101,
"Solvang 28, Lønne, 6830 Nørre Nebel",6830,Nørre Nebel,3295000,Fritidsbolig,6,146,
"Bjørnsknudevej 26D, 7130 Juelsminde",7130,Juelsminde,3595000,Fritidsbolig,3,100,
"Skovdalen 5, Udsholt, 3230 Græsted",3230,Græsted,1795000,Fritidsbolig,2,72,
"Sølvgranvej 13, 4873 Væggerløse",4873,Væggerløse,1395000,Fritidsbolig,4,59,
"Æblevej 69, 3770 Allinge",3770,Allinge,1145000,Fritidsbolig,3,47,
"Riskrogen 14, Bjerregaard, 6960 Hvide Sande",6960,Hvide Sande,2895000,Fritidsbolig,5,120,
"Stærevænget 30, Vellerup, 4050 Skibby",4050,Skibby,1795000,Fritidsbolig,4,70,
"Trent Jones Allé 5A, 8581 Nimtofte",8581,Nimtofte,2298000,Fritidsbolig,4,171,
"Multebærvej 49, Napstjert, 9981 Jerup",9981,Jerup,1195000,Fritidsbolig,3,67,
"Fjellerup Bygade 1, Fjellerup, 8585 Glesborg",8585,Glesborg,1795000,Villa,6,170,
"Løvsangervej 16, 3120 Dronningmølle",3120,Dronningmølle,2200000,Fritidsbolig,4,71,
"Telefonvejen 18, Fjellerup Strand, 8585 Glesborg",8585,Glesborg,1098000,Fritidsbolig,4,52,
"Solbakkevej 75, 3100 Hornbæk",3100,Hornbæk,2995000,Fritidsbolig,3,50,
"Strandstien 729K, 4970 Rødby",4970,Rødby,770000,Fritidsbolig,2,47,
"Pilestien 227, 7190 Billund",7190,Billund,1895000,Fritidsbolig,4,82,
"Spongsvej 36, Dyngby Strand, 8300 Odder",8300,Odder,1995000,Fritidsbolig,3,81,
"Bramsensgårdvej 18, 6100 Haderslev",6100,Haderslev,2999000,Fritidsbolig,6,150,
"Egelunden 29, Helberskov, 9560 Hadsund",9560,Hadsund,695000,Fritidsbolig,3,50,
"Skovkrogen 50, Skovkrogen, 5683 Haarby",5683,Haarby,2500000,Fritidsbolig,5,110,
"Vindgaf 13A, Rindby Strand, 6720 Fanø",6720,Fanø,3495000,Fritidsbolig,4,119,
"Præstekravevej 12, Følle, 8410 Rønde",8410,Rønde,2298000,Fritidsbolig,3,88,
"Løjt Feriecenter 2 356, 6200 Aabenraa",6200,Aabenraa,1575000,Fritidsbolig,4,103,
"Løjtnantvænget 13, Spodsbjerg, 5900 Rudkøbing",5900,Rudkøbing,1895000,Fritidsbolig,4,114,
"Slyngelen 7, Hou",,Hou,1360000,Fritidsbolig,2,65,
"Sønderklit 8, Fanø Bad, 6720 Fanø",6720,Fanø,3198000,Fritidsbolig,5,89,60.0
"Vinkelhaven 15, Hasmark Strand, 5450 Otterup",5450,Otterup,2275000,Fritidsbolig,4,106,
"Øgårdsvej 12, Horneby Fælled, 3100 Hornbæk",3100,Hornbæk,10800000,Fritidsbolig,5,174,
"Neerlandiavej 204, Vejlby, 7673 Harboøre",7673,Harboøre,1145000,Fritidsbolig,4,82,
"Sylviavej 27, Kettrup, 9480 Løkken",9480,Løkken,2295000,Fritidsbolig,4,87,
"Øvej 13, Husby Strandenge, 6990 Ulfborg",6990,Ulfborg,1745000,Fritidsbolig,5,120,
"Fuglebakkevej 29, Fuglslev",,Fuglslev,1575000,Fritidsbolig,3,74,
"Baroniet 50, 3100 Hornbæk",3100,Hornbæk,4495000,Fritidsbolig,3,72,
"Overgaden Oven Vandet 106, ligger udfor",,,3875000,Fritidsbolig,5,100,
"Øvej 22, Husby Strandenge, 6990 Ulfborg",6990,Ulfborg,3195000,Fritidsbolig,8,250,
"Golfsvinget 235, Gatten, 9640 Farsø",9640,Farsø,1595000,Fritidsbolig,3,76,
"Strandskrænten 35, 4400 Kalundborg",4400,Kalundborg,1695000,Fritidsbolig,3,51,
"Klitageren 17, Tornby Strand",,Tornby Strand,1695000,Fritidsbolig,4,90,
"Birkelunden 3, Over Draaby Strand, 3630 Jægerspris",3630,Jægerspris,1695000,Fritidsbolig,2,63,
"Krinkelkrog 3, Rindby Strand, 6720 Fanø",6720,Fanø,3995000,Fritidsbolig,4,133,
"Brinkevej 13B, Sandkås, 3770 Allinge",3770,Allinge,1995000,Fritidsbolig,4,54,
"Folvavej 18, 4873 Væggerløse",4873,Væggerløse,2200000,Fritidsbolig,5,112,
"Over Reese 5, Skyum Østerstrand",,Skyum Østerstrand,895000,Fritidsbolig,3,94,
"Tårsvej 130, 4912 Harpelunde",4912,Harpelunde,995000,Villa,4,150,
"Karolinevej 5, Kaldred, 4593 Eskebjerg",4593,Eskebjerg,695000,Fritidsbolig,2,56,
"Nattergalevej 7, Draget, 7760 Hurup Thy",7760,Hurup Thy,795000,Fritidsbolig,3,56,
"Krikvænge 32, Agger, 7770 Vestervig",7770,Vestervig,545000,Fritidsbolig,2,41,
"Storkevej 24, 4220 Korsør",4220,Korsør,1495000,Fritidsbolig,4,85,
Hejsager Strandby 221,,,2245000,Fritidsbolig,3,80,
"Fyrrevej 1, 3100 Hornbæk",3100,Hornbæk,10750000,Fritidsbolig,4,116,
"Lodbjergvej 48, Lodbjerg",,Lodbjerg,1695000,Fritidsbolig,7,135,2.0
"Hybenvej 23, Kobæk, 4230 Skælskør",4230,Skælskør,3495000,Fritidsbolig,4,88,
"Kæruldsvej 17, Bjerge Sydstrand, 4480 Store Fuglede",4480,Store Fuglede,1895000,Fritidsbolig,5,101,
"Fasanvej 26, Hesselbjerg, 5932 Humble",5932,Humble,1395000,Fritidsbolig,5,83,
Højbro 19 Køng,,Køng,2195000,Villa,8,309,
"Astrup Vig 67, Astrup Vig, 7870 Roslev",7870,Roslev,695000,Fritidsbolig,4,70,
"Baldersvej 11, Søndbjerg",,Søndbjerg,795000,Fritidsbolig,2,63,
"Ålerusen 105, 9240 Nibe",9240,Nibe,595000,Fritidsbolig,3,61,
"Tjørnehaven 5, Lammefjorden, 4571 Grevinge",4571,Grevinge,1095000,Fritidsbolig,4,85,
"Bekkasinvej 16, Lodskovvad, 9982 Ålbæk",9982,Ålbæk,1095000,Fritidsbolig,4,79,
"Skippervej 3, 3360 Liseleje",3360,Liseleje,5795000,Fritidsbolig,4,122,4.0
"Rydevej 12, 3220 Tisvildeleje",3220,Tisvildeleje,2495000,Fritidsbolig,3,44,
"Paradisvej 21, Rindby Strand, 6720 Fanø",6720,Fanø,2395000,Fritidsbolig,5,97,
"Vikærparken 19, Diernæs, 6100 Haderslev",6100,Haderslev,1345000,Fritidsbolig,4,78,
"Peter Malersvej 29, 6857 Blåvand",6857,Blåvand,4995000,Fritidsbolig,8,215,
"Glentebakken 15, Hjarbæk",,Hjarbæk,2245000,Fritidsbolig,5,120,
"Vester Klitvej 2, Tversted, 9881 Bindslev",9881,Bindslev,11000000,Fritidsbolig,3,87,
"Dagsværmervej 39, Lille Kregme, 3300 Frederiksværk",3300,Frederiksværk,2195000,Fritidsbolig,4,95,
"Rørvænget 23, Stauning, 6900 Skjern",6900,Skjern,1245000,Fritidsbolig,4,82,
"Blåbjergvej 70, Houstrup, 6830 Nørre Nebel",6830,Nørre Nebel,850000,Villa,4,60,
"Lobelievej 48, Øjesø Plantage, 9600 Aars",9600,Aars,595000,Fritidsbolig,2,41,
"Hf. Dahlia 75, 2650 Hvidovre",2650,Hvidovre,2245000,Fritidsbolig,3,57,
"Klithusevej 51, 9460 Brovst",9460,Brovst,825000,Fritidsbolig,3,96,
"Fasanstien 156A, 4970 Rødby",4970,Rødby,780000,Fritidsbolig,2,54,
Naldmose 10,,,1110000,Fritidsbolig,5,142,4.0
"Esthersvej 8, Skødshoved Strand",,Skødshoved Strand,4600000,Fritidsbolig,3,50,
"Stoffersvej 2, Mørkholt, 7080 Børkop",7080,Børkop,1895000,Fritidsbolig,3,88,
"Hf. Kettehøj 80, 2650 Hvidovre",2650,Hvidovre,1595000,Fritidsbolig,2,58,
"Isøre Tingvej 25, 4581 Rørvig",4581,Rørvig,3895000,Fritidsbolig,4,88,
"Golfsvinget 20, Gatten, 9640 Farsø",9640,Farsø,1645000,Fritidsbolig,3,74,
"Strandvejen 158B, Vejlby, 7673 Harboøre",7673,Harboøre,2975000,Fritidsbolig,5,151,
"Birkebakkerne 37, Ølsted Strand, 3310 Ølsted",3310,Ølsted,3695000,Fritidsbolig,4,123,
"Skovhegnet 14, Ell Kohave, 4573 Højby",4573,Højby,1475000,Fritidsbolig,2,75,
"Diernæs Strandby 1, 6100 Haderslev",6100,Haderslev,995000,Fritidsbolig,3,79,
"Sitkavænget 22, Tørresø Strand, 5450 Otterup",5450,Otterup,1895000,Fritidsbolig,4,90,
"Per Knoldsvej 4, 6857 Blåvand",6857,Blåvand,6695000,Fritidsbolig,7,284,
"Digeager 8, Overby Lyng, 4583 Sjællands Odde",4583,Sjællands Odde,1925000,Fritidsbolig,4,77,
"Pøt Strandby 357, Østrup, 7130 Juelsminde",7130,Juelsminde,1595000,Fritidsbolig,4,91,
"Skåstrup Strand Øst 83, Skåstrup Strand, 5400 Bogense",5400,Bogense,1895000,Fritidsbolig,3,91,
"Blomstervangen 137, Jegum, 6840 Oksbøl",6840,Oksbøl,1195000,Fritidsbolig,4,107,
"Feriebyen 3, 3250 Gilleleje",3250,Gilleleje,3785000,Fritidsbolig,4,98,
Tirsdagsengen 71,,,1495000,Fritidsbolig,2,40,
"Blishønevej 50, Kirke Stillinge, 4200 Slagelse",4200,Slagelse,1998000,Fritidsbolig,4,74,
"Lærkelundsvej 23, Øer",,Øer,1195000,Fritidsbolig,3,57,
"Højstrupvej 20, Lund, 4673 Rødvig Stevns",4673,Rødvig Stevns,1395000,Villa,3,125,5.0
"Redningsvej 50, 9990 Skagen",9990,Skagen,4975000,Fritidsbolig,4,90,
"Tyttebærvej 13, Ordrup, 4540 Fårevejle",4540,Fårevejle,2995000,Fritidsbolig,6,131,
"Kosigvænget 53, Bork Havn",,Bork Havn,1135000,Fritidsbolig,4,61,
"Rødhalsevej 25, Ll Kongsmark, 4200 Slagelse",4200,Slagelse,1125000,Fritidsbolig,3,88,
"Ranunkelvej 2, Stoense Udflytter, 5953 Tranekær",5953,Tranekær,1595000,Fritidsbolig,5,101,
"Golfsvinget 250, Gatten, 9640 Farsø",9640,Farsø,1495000,Fritidsbolig,3,66,
"Frede Juels Vej 202, Sønderby, 7130 Juelsminde",7130,Juelsminde,1995000,Fritidsbolig,4,64,
"Tranevej 32B, Saksild Str, 8300 Odder",8300,Odder,3600000,Fritidsbolig,5,140,
"Golfsvinget 233, Gatten, 9640 Farsø",9640,Farsø,1795000,Fritidsbolig,3,86,
"Fiskervej 65C, Egsmark Strand",,Egsmark Strand,2350000,Fritidsbolig,4,108,
"Golfsvinget 221, Gatten, 9640 Farsø",9640,Farsø,1795000,Fritidsbolig,3,89,
"Sandskær Strandvej 56, 6200 Aabenraa",6200,Aabenraa,748000,Fritidsbolig,3,61,
"Port Arthursvej 47, 6857 Blåvand",6857,Blåvand,4495000,Fritidsbolig,6,158,
"Bellisvej 31, Stoense Udflytter, 5953 Tranekær",5953,Tranekær,1295000,Fritidsbolig,4,74,
"Højvangen 20, Rågeleje, 3210 Vejby",3210,Vejby,2695000,Fritidsbolig,4,95,
"Lyngsbækvej 20, Femmøller Strand",,Femmøller Strand,2795000,Fritidsbolig,6,128,
"Haldbakken 7, Stødov Bakker, Helgenæs",,"Stødov Bakker, Helgenæs",1698000,Fritidsbolig,4,102,
"Torskekrogen 20, Købingsmark",,Købingsmark,1100000,Fritidsbolig,4,94,
"Baunehøj 19, Ordrup, 4540 Fårevejle",4540,Fårevejle,2495000,Fritidsbolig,4,60,
Valnøddevej 5,,,5995000,Fritidsbolig,5,112,
"Ellenvej 12, Tversted, 9881 Bindslev",9881,Bindslev,1995000,Fritidsbolig,4,67,
"Strandvejen Grønninghoved 33, Grønninghoved, 6093 Sjølund",6093,Sjølund,3450000,Fritidsbolig,3,80,
"Strandvænget 64, Saksild Str, 8300 Odder",8300,Odder,3795000,Fritidsbolig,5,120,
"Pilestien 322A, 4970 Rødby",4970,Rødby,1310000,Fritidsbolig,4,69,
"Broholmvej 201, 4220 Korsør",4220,Korsør,1445000,Fritidsbolig,3,96,
Kystvejen 37,,,6495000,Fritidsbolig,4,225,
"Hejsager Strandvej 268, 6100 Haderslev",6100,Haderslev,2195000,Fritidsbolig,3,60,
"Vester Mosevej 58, Husby, 6990 Ulfborg",6990,Ulfborg,1145000,Fritidsbolig,2,62,
"Laxtonvej 36, Fredmose, 5932 Humble",5932,Humble,995000,Fritidsbolig,4,64,
Kongelunden 20,,,1180000,Fritidsbolig,4,81,
"Crownvej 14B, Vrist, 7673 Harboøre",7673,Harboøre,1995000,Fritidsbolig,6,134,
"Sortebærvej 22, Vedersø, 6990 Ulfborg",6990,Ulfborg,1450000,Fritidsbolig,4,78,
"Bjerregårdsvej 253, Bjerregaard, 6960 Hvide Sande",6960,Hvide Sande,1595000,Fritidsbolig,4,68,
"Ydunsvej 10, Melby Enghave, 3370 Melby",3370,Melby,1845000,Fritidsbolig,2,40,
"Baltsersensvej 16, Kjul Strand",,Kjul Strand,3495000,Fritidsbolig,4,132,
"Søndermølle 11, 8789 Endelave",8789,Endelave,795000,Fritidsbolig,7,211,
"Rørsangervej 10, Lodbj Hede, 6950 Ringkøbing",6950,Ringkøbing,2998000,Fritidsbolig,4,120,
"Bjørnevej 2, Bunken, 9982 Ålbæk",9982,Ålbæk,1495000,Fritidsbolig,3,61,
"Pilevej 6, Vemmingbund, 6310 Broager",6310,Broager,1845000,Fritidsbolig,4,65,
"Fjendstrupvej 9, Maglebrænde, 4850 Stubbekøbing",4850,Stubbekøbing,699000,Villa,4,93,
"Søringen 13, Grærup, 6840 Oksbøl",6840,Oksbøl,1695000,Fritidsbolig,3,72,
"Fyrmarken 22, Nr Lyngvig, 6960 Hvide Sande",6960,Hvide Sande,1895000,Fritidsbolig,5,120,
"Svingels Allé 31, 4900 Nakskov",4900,Nakskov,995000,Villa,4,127,
"M Christensens Vej 9, Åsendrup, 9480 Løkken",9480,Løkken,2495000,Fritidsbolig,5,110,
"Molevej 14, Baaring Mark, 5466 Asperup",5466,Asperup,3250000,Fritidsbolig,4,141,
"Ledgårdsvej 41, 3100 Hornbæk",3100,Hornbæk,5500000,Fritidsbolig,4,96,
"Skriverstræde 15, Hummingen, 4983 Dannemare",4983,Dannemare,865000,Fritidsbolig,3,56,
"Mosevej 6, Tversted",,Tversted,1595000,Fritidsbolig,3,71,
"Lindeparken 5, 9370 Hals",9370,Hals,1890000,Fritidsbolig,4,106,
"Hannesvej 62, Kærgården",,Kærgården,1545000,Fritidsbolig,4,124,
"Vikingbanke 6, 4400 Kalundborg",4400,Kalundborg,5500000,Fritidsbolig,4,68,
"Dortevej 11, Tversted, 9881 Bindslev",9881,Bindslev,9500000,Fritidsbolig,6,253,
"Dalstien 4, Asserbo, 3360 Liseleje",3360,Liseleje,1295000,Fritidsbolig,3,61,
"Skakkes Holm 76A, 8500 Grenaa",8500,Grenaa,2995000,Fritidsbolig,6,175,
"Ligustervej 11, 4873 Væggerløse",4873,Væggerløse,1450000,Fritidsbolig,4,60,
"Nattergalevej 22, 4671 Strøby",4671,Strøby,2045000,Fritidsbolig,2,76,
"Pilebakken 2, Øer, 8400 Ebeltoft",8400,Ebeltoft,1495000,Fritidsbolig,4,71,
"Midtagervej 6, Dyngby Strand, 8300 Odder",8300,Odder,2195000,Fritidsbolig,4,107,
"Vigen 17, As, 7130 Juelsminde",7130,Juelsminde,2095000,Fritidsbolig,4,82,
"Møllebjergvej 49, 4220 Korsør",4220,Korsør,1598000,Villa,3,126,
"Stærevej 18, Over Draaby Strand, 3630 Jægerspris",3630,Jægerspris,2075000,Fritidsbolig,3,84,
"Kringsvej 15B, 6857 Blåvand",6857,Blåvand,9250000,Fritidsbolig,5,160,
"Kærvej 1, Kastrup",,Kastrup,1045000,Villa,4,160,74.0
"Elmevej 8, Thorsager, 8410 Rønde",8410,Rønde,998000,Fritidsbolig,5,46,
"Orøvej 3, Høve Strand, 4550 Asnæs",4550,Asnæs,2990000,Fritidsbolig,4,68,6.0
"Bredmaj 58, Rendbjerg, 6320 Egernsund",6320,Egernsund,2995000,Fritidsbolig,3,78,
"Kindvigvej 36, 4735 Mern",4735,Mern,1595000,Villa,4,153,
"Nordlysvej 11, Søndervig, 6950 Ringkøbing",6950,Ringkøbing,2248000,Fritidsbolig,4,90,
"Sølyst 28, Spodsbj Drej, 5900 Rudkøbing",5900,Rudkøbing,1645000,Fritidsbolig,4,81,
"Kronhjortevej 26, Mikkelmark, 9370 Hals",9370,Hals,945000,Fritidsbolig,5,100,
"Remmerstrandvej 109, Gudum, 7620 Lemvig",7620,Lemvig,995000,Villa,4,131,75.0
Lonevej 27,,,795000,Fritidsbolig,3,75,
"Lappedykkervænget 1, Falen, Bork Havn, 6893 Hemmet",6893,Hemmet,1195000,Fritidsbolig,4,70,
"Skovbrynet 23, Skaven",,Skaven,2995000,Fritidsbolig,4,131,
"Musvågevej 69, Lodskovvad, 9982 Ålbæk",9982,Ålbæk,1795000,Fritidsbolig,4,99,
"N W Larsens Vej 1,",,,2300000,Fritidsbolig,4,112,
"Havmosevej 4, Sejs-Svejbæk, 8600 Silkeborg",8600,Silkeborg,2495000,Fritidsbolig,2,39,
Drosselvej 27,,,2495000,Fritidsbolig,4,104,
"Strandgårdsvej 20, Rågeleje, 3210 Vejby",3210,Vejby,1995000,Fritidsbolig,3,84,
"Hjejlevej 15, Kirke Stillinge, 4200 Slagelse",4200,Slagelse,1495000,Fritidsbolig,2,76,
"Mejsevænget 1, Ordrup, 4540 Fårevejle",4540,Fårevejle,1595000,Fritidsbolig,3,50,
"Vile Vestergårdvej 33, Vile, 7870 Roslev",7870,Roslev,895000,Fritidsbolig,4,89,
"Planetvej 16, Holmens Bakker",,Holmens Bakker,1750000,Fritidsbolig,4,80,
"Ternevej 36, Store Sjørup",,Store Sjørup,1550000,Fritidsbolig,4,107,
"Tingodden 449, Aargab, 6960 Hvide Sande",6960,Hvide Sande,3295000,Fritidsbolig,4,96,
"Jelsevej 128, Lundø",,Lundø,2595000,Fritidsbolig,4,126,
"Hårbøllevej 151, Hårbølle, 4792 Askeby",4792,Askeby,2295000,Villa,5,146,
"Skovfyrvej 32, 8250 Egå",8250,Egå,3498000,Fritidsbolig,2,45,
"Nymandsbjerg 20, Bjerregaard, 6960 Hvide Sande",6960,Hvide Sande,2798000,Fritidsbolig,5,180,
"Præstegyden 13, Kristiansminde, 5450 Otterup",5450,Otterup,2295000,Fritidsbolig,3,72,
"Gindrupvej 5, Tornby, 9850 Hirtshals",9850,Hirtshals,1295000,Fritidsbolig,3,60,
"Glentebakken 13, Hjarbæk, 8831 Løgstrup",8831,Løgstrup,1995000,Fritidsbolig,4,100,
"Badevej 20N, 4, Søndervig, 6950 Ringkøbing",6950,Ringkøbing,1898000,Fritidsbolig,3,76,
"Rylevej 12, Følle Strand, 8410 Rønde",8410,Rønde,2295000,Fritidsbolig,4,89,
"Skovvej 3, Skødshoved Strand",,Skødshoved Strand,1250000,Fritidsbolig,5,127,
"Bakken 4, Rindby Strand, 6720 Fanø",6720,Fanø,1850000,Fritidsbolig,4,74,
"Havrevænget 8, Dalby Strand, 4281 Gørlev",4281,Gørlev,875000,Fritidsbolig,3,63,
"Grusbakke-Åsen 12, Rågeleje, 3210 Vejby",3210,Vejby,2495000,Fritidsbolig,3,117,
"Sønderbakken 2, Sandager Næs, 5610 Assens",5610,Assens,1595000,Fritidsbolig,3,63,
"Løngangsstræde 16, Hummingen, 4983 Dannemare",4983,Dannemare,2450000,Fritidsbolig,4,113,
"Rørsangervej 14B, Store Sjørup, 8950 Ørsted",8950,Ørsted,1595000,Fritidsbolig,4,99,
"Thorsagervej 12, Udsholt, 3230 Græsted",3230,Græsted,2195000,Fritidsbolig,4,95,
"Carinvej 5, Tornby, 9850 Hirtshals",9850,Hirtshals,2950000,Fritidsbolig,5,129,
"Alkevej 37, Klitlund, 9982 Ålbæk",9982,Ålbæk,1825000,Fritidsbolig,3,85,
"Rylevej 4, Hjarbæk",,Hjarbæk,1495000,Fritidsbolig,1,57,
"Nattergalevej 30, 4671 Strøby",4671,Strøby,1895000,Fritidsbolig,4,94,
"Lyngstien 6, Klitmøller, 7700 Thisted",7700,Thisted,2495000,Fritidsbolig,4,104,
"Pilestien 318A, 4970 Rødby",4970,Rødby,1295000,Fritidsbolig,3,69,
"Lykkesholmvej 19, Nejede, 3400 Hillerød",3400,Hillerød,1100000,Fritidsbolig,3,86,
"Mågetoften 4, Bjerge Str, 4480 Store Fuglede",4480,Store Fuglede,1095000,Fritidsbolig,3,72,
"Rauhesvej 6, Bjerregaard, 6960 Hvide Sande",6960,Hvide Sande,1595000,Fritidsbolig,4,101,
"Arvidvej 174, Bjerregaard, 6960 Hvide Sande",6960,Hvide Sande,3795000,Fritidsbolig,5,120,
"Feriebyen 13, Gilbjerg, 3250 Gilleleje",3250,Gilleleje,3900000,Fritidsbolig,4,98,
"Nattergalevej 12, Vibæk Strand",,Vibæk Strand,2198000,Fritidsbolig,4,92,38.0
"Tranevej 68, 4220 Korsør",4220,Korsør,1550000,Fritidsbolig,3,130,
"Granvej 13, Toftum Bjg, 7600 Struer",7600,Struer,2385000,Fritidsbolig,4,93,
"Slugten 26, Loddenhøj, 6200 Aabenraa",6200,Aabenraa,1485000,Fritidsbolig,3,86,
"Ingridsvej 19, 4654 Faxe Ladeplads",4654,Faxe Ladeplads,1850000,Fritidsbolig,5,100,
"Nordstjernevej 10, 3370 Melby",3370,Melby,1595000,Fritidsbolig,2,51,
"Spættevej 5, St Kongsmark, 4200 Slagelse",4200,Slagelse,1148000,Fritidsbolig,4,95,
"Harpøtvej 114, Skalstrup, 7570 Vemb",7570,Vemb,750000,Fritidsbolig,3,66,
"Birkestien 147, 7190 Billund",7190,Billund,1920000,Fritidsbolig,4,82,
"Lokesvej 3, Melby Enghave, 3370 Melby",3370,Melby,1175000,Fritidsbolig,2,68,
"Agger Havn Feriecenter 63, Agger Havn",,Agger Havn,795000,Fritidsbolig,4,57,
"Havstien 3, Søndervig, 6950 Ringkøbing",6950,Ringkøbing,2695000,Fritidsbolig,5,110,
"Gøgevej 34, 3120 Dronningmølle",3120,Dronningmølle,2500000,Fritidsbolig,3,64,
"Harestien 229A, 4970 Rødby",4970,Rødby,890000,Fritidsbolig,3,62,
"Lars Kruses Vej 3A, 9990 Skagen",9990,Skagen,7995000,Fritidsbolig,5,156,
"Egevænget 13, Dyngby Strand, 8300 Odder",8300,Odder,1545000,Fritidsbolig,2,57,
"Vinkelhagevej 83, st. 83., Heldum",,Heldum,575000,Fritidsbolig,2,49,
"Nordbakken 29, Lyngsbæk, 8400 Ebeltoft",8400,Ebeltoft,1995000,Fritidsbolig,4,120,
"Barsidalvej 19, Toftum Bjerge",,Toftum Bjerge,875000,Fritidsbolig,5,80,
"Granager 4, Asserbo, 3300 Frederiksværk",3300,Frederiksværk,2150000,Fritidsbolig,3,60,
"Golfsvinget 243, Gatten, 9640 Farsø",9640,Farsø,1295000,Fritidsbolig,3,66,
"Selledalen 1, Handrup, 8400 Ebeltoft",8400,Ebeltoft,1845000,Fritidsbolig,3,85,
"Vikærparken 43, Diernæs, 6100 Haderslev",6100,Haderslev,2850000,Fritidsbolig,5,126,44.0
"Fiskervej 69, Vorupør",,Vorupør,1245000,Fritidsbolig,4,89,
"Fyrrekrat 3, Søndervig, 6950 Ringkøbing",6950,Ringkøbing,1995000,Fritidsbolig,4,91,
"Harestien 206A, 4970 Rødby",4970,Rødby,895000,Fritidsbolig,3,62,
"Havstien 163, Søndervig, 6950 Ringkøbing",6950,Ringkøbing,1730000,Fritidsbolig,3,55,
"Lyngstien 15, 9982 Ålbæk",9982,Ålbæk,1995000,Fritidsbolig,4,117,
"Gøgevej 57, Henne Strand, 6854 Henne",6854,Henne,5750000,Fritidsbolig,7,160,
"Revlingestien 49, Thorupstrand, 9690 Fjerritslev",9690,Fjerritslev,2100000,Fritidsbolig,5,116,
"Åmarksvej 28, Bjerge Sydstrand, 4480 Store Fuglede",4480,Store Fuglede,1395000,Fritidsbolig,3,72,
"Kolsterne 3, Tengslemrk L, 4573 Højby",4573,Højby,2495000,Fritidsbolig,4,120,
"Blokhusskoven 37, 6100 Haderslev",6100,Haderslev,2925000,Fritidsbolig,5,142,
"Præstestien 7, Aargab, 6960 Hvide Sande",6960,Hvide Sande,2195000,Fritidsbolig,3,60,
"Odensevej 197A, 5600 Faaborg",5600,Faaborg,695000,Villa,6,146,8.0
"Søvang 58, Klint, 4500 Nykøbing Sj",4500,Nykøbing Sj,1895000,Fritidsbolig,4,93,
"Strandstien 727K, 4970 Rødby",4970,Rødby,750000,Fritidsbolig,2,47,
"Nymandsbjerg 27, Bjerregaard, 6960 Hvide Sande",6960,Hvide Sande,1495000,Fritidsbolig,4,69,
"P Chr Dahls Vej 10, Bjerregaard, 6960 Hvide Sande",6960,Hvide Sande,1665000,Fritidsbolig,4,81,
"Pærgårdkolonien 25, Sønderby, 7130 Juelsminde",7130,Juelsminde,1095000,Fritidsbolig,3,38,
"Hedevej 8, Nakke, 4500 Nykøbing Sj",4500,Nykøbing Sj,795000,Fritidsbolig,2,20,
"Sydskrænten 32, Jegum, 6840 Oksbøl",6840,Oksbøl,795000,Fritidsbolig,3,81,
"Svinget 19, 3250 Gilleleje",3250,Gilleleje,2795000,Fritidsbolig,3,76,
"Havstien 64, Søndervig, 6950 Ringkøbing",6950,Ringkøbing,2498000,Fritidsbolig,4,86,
"Brogade 33, Hou, 9370 Hals",9370,Hals,1740000,Villa,7,179,
"Strandgårdsvej 20, Havnsø Str, 4591 Føllenslev",4591,Føllenslev,2395000,Fritidsbolig,3,76,
"Fyrkatvej 31, 9500 Hobro",9500,Hobro,595000,Fritidsbolig,3,60,
"Stranden 14, Ferring, 7620 Lemvig",7620,Lemvig,945000,Fritidsbolig,3,71,
"Solskinsvej 1, Jørgensø Strand, 5450 Otterup",5450,Otterup,1895000,Fritidsbolig,4,79,1.0
"Femkløvervej 1, Yderby Lyng, 4583 Sjællands Odde",4583,Sjællands Odde,1195000,Fritidsbolig,3,63,
"Humlevej 8, Ydø, 4900 Nakskov",4900,Nakskov,950000,Fritidsbolig,3,70,
"Duevej 7, Bjerge Str, 4480 Store Fuglede",4480,Store Fuglede,2495000,Fritidsbolig,4,105,
"Dyremarken 12, 4720 Præstø",4720,Præstø,1895000,Villa,3,78,
"Fyrvej 7, Bisnap, 9370 Hals",9370,Hals,2200000,Fritidsbolig,4,76,
"Lundby Hovedgade 116, 4750 Lundby",4750,Lundby,1595000,Villa,5,149,144.0
"Brdr Lauridsensvej 1, Ho, 6857 Blåvand",6857,Blåvand,1599000,Fritidsbolig,4,75,
"Agermosen 12, 2650 Hvidovre",2650,Hvidovre,2395000,Fritidsbolig,2,57,
"Strandagervej 11, Bjerge Sydstrand, 4281 Gørlev",4281,Gørlev,4495000,Fritidsbolig,4,98,
"Sinnesvej 9, Kettrup, 9480 Løkken",9480,Løkken,1695000,Fritidsbolig,4,72,
"Ved Bavnen 8, Sønderho, 6720 Fanø",6720,Fanø,1499000,Fritidsbolig,3,81,
"Hf. Kongevang 64, 2770 Kastrup",2770,Kastrup,2245000,Fritidsbolig,3,53,
"Sommerstedvej 53, Lyngs Drag",,Lyngs Drag,1145000,Fritidsbolig,5,107,
"Ejsingholmvej 17, Ejsingholm",,Ejsingholm,2975000,Fritidsbolig,14,529,
"Østparken 68, Hasmark Strand, 5450 Otterup",5450,Otterup,1695000,Fritidsbolig,4,70,
Kongeparken 28,,,630000,Fritidsbolig,3,52,
"Spovevej 12, St. Sjørup",,St. Sjørup,1095000,Fritidsbolig,3,106,
"Indemarken 39, Skal Klit, 9800 Hjørring",9800,Hjørring,2495000,Fritidsbolig,6,154,
"Knaresbrovej 9, Vejlby, 7673 Harboøre",7673,Harboøre,1995000,Fritidsbolig,4,95,
"Hedetoftvej 75, 6857 Blåvand",6857,Blåvand,4098000,Fritidsbolig,5,136,
"Fjaltringvej 8, Lønstrup, 9800 Hjørring",9800,Hjørring,2995000,Fritidsbolig,3,55,
"Nybyvej 50C, Rindby Strand, 6720 Fanø",6720,Fanø,2495000,Fritidsbolig,5,121,
"Sneppedalen 98, Houvig, 6950 Ringkøbing",6950,Ringkøbing,4495000,Fritidsbolig,5,197,
"Nyrup Huse 16, Nyrup, 4500 Nykøbing Sj",4500,Nykøbing Sj,749000,Fritidsbolig,4,74,
"Hellesvej 17, Kærgården",,Kærgården,1495000,Fritidsbolig,5,116,
"Rensdyrvej 14, Høve, 4550 Asnæs",4550,Asnæs,995000,Fritidsbolig,7,75,
"Spættevej 2, St Kongsmark, 4200 Slagelse",4200,Slagelse,1048000,Fritidsbolig,4,69,
"Ålhøj 5, 2970 Hørsholm",2970,Hørsholm,4795000,Fritidsbolig,4,84,
"Posmosevej 19, Saksild Str, 8300 Odder",8300,Odder,2595000,Fritidsbolig,5,94,
"Anker Eskildsens Vej 118, Nr Lyngvig, 6960 Hvide Sande",6960,Hvide Sande,1698000,Fritidsbolig,5,103,
"Kællingebyvejen 4, Pedersker, 3720 Aakirkeby",3720,Aakirkeby,1150000,Fritidsbolig,4,92,
"Klitrenden 11, Tornby Strand",,Tornby Strand,2495000,Fritidsbolig,6,149,
"Vejers Havvej 69, 6853 Vejers Strand",6853,Vejers Strand,3995000,Fritidsbolig,6,139,
"Strandvejen 52, 1. 119, Fanø Bad, 6720 Fanø",6720,Fanø,885000,Fritidsbolig,2,67,
"Strandvejen 52, 1. 50, Fanø Bad, 6720 Fanø",6720,Fanø,595000,Fritidsbolig,2,51,
"Fasanvej 2A, Øksenmølle",,Øksenmølle,748000,Fritidsbolig,3,44,
"Mæremosevej 7, Kulhuse, 3630 Jægerspris",3630,Jægerspris,995000,Fritidsbolig,2,50,
"Østenkrog 13, Øster Hurup, 9560 Hadsund",9560,Hadsund,1495000,Fritidsbolig,4,71,
"Harbo Stages Vej 37, Søndervig, 6950 Ringkøbing",6950,Ringkøbing,3998000,Fritidsbolig,4,115,
"Tirsdagsengen 67, 3400 Hillerød",3400,Hillerød,1395000,Fritidsbolig,2,50,
"Østenkrog 3, Øster Hurup, 9560 Hadsund",9560,Hadsund,2795000,Fritidsbolig,4,91,
"Nordre Strandvej 475, 3100 Hornbæk",3100,Hornbæk,13900000,Fritidsbolig,8,127,
"Harestien 233A, 4970 Rødby",4970,Rødby,910000,Fritidsbolig,2,53,
"Torpvej 22, Lovns",,Lovns,1250000,Fritidsbolig,3,125,
"Barakvejen 22, Kulhuse, 3630 Jægerspris",3630,Jægerspris,1100000,Villa,3,79,11.0
"Pilevej 3, Dalby Strand, 4281 Gørlev",4281,Gørlev,1795000,Fritidsbolig,3,125,
"Caprifolvej 10, Bisnap, 9370 Hals",9370,Hals,1890000,Fritidsbolig,4,80,
"Sandagervej 2A, Lystrup Strand, 8961 Allingåbro",8961,Allingåbro,1600000,Fritidsbolig,3,60,
"Strandbjerggårdsvej 31, 4400 Kalundborg",4400,Kalundborg,1795000,Fritidsbolig,3,105,
"Farmen 14, 8600 Silkeborg",8600,Silkeborg,3395000,Fritidsbolig,2,63,
"Gøgevej 36, Hvalpsund, 9640 Farsø",9640,Farsø,895000,Fritidsbolig,3,77,
"Helligsøvej 20, 7760 Hurup Thy",7760,Hurup Thy,845000,Fritidsbolig,5,72,
"Dådyrvej 6, Vibæk Strand",,Vibæk Strand,1995000,Fritidsbolig,3,144,
"Storesøvej 12, Langesø, 3080 Tikøb",3080,Tikøb,3195000,Fritidsbolig,3,92,
"Gunhildsvej 75, Kærgården",,Kærgården,1595000,Fritidsbolig,5,90,
"Svalestien 202B, 4970 Rødby",4970,Rødby,895000,Fritidsbolig,3,62,
"Mads Madsens Vænge 20, Mørkholt, 7080 Børkop",7080,Børkop,2148000,Fritidsbolig,3,71,
"Lyngager 15, Saksild Str, 8300 Odder",8300,Odder,1895000,Fritidsbolig,4,57,
"Ny-Ager 15, Villingerød, 3120 Dronningmølle",3120,Dronningmølle,2695000,Fritidsbolig,3,101,
"Refsvindinge Byvej 15, Refsvindinge, 5853 Ørbæk",5853,Ørbæk,775000,Villa,3,91,
"Agnethesvej 8, Lyngså, 9300 Sæby",9300,Sæby,795000,Fritidsbolig,2,50,
"Skovgårdsparken 5, Amstrup, 8300 Odder",8300,Odder,3995000,Fritidsbolig,3,170,
"Stenlodsvej 39, Bjerge Sydstrand, 4480 Store Fuglede",4480,Store Fuglede,1995000,Fritidsbolig,1,30,
"Lærkevej 38, Ellinge Lyng, 4560 Vig",4560,Vig,2195000,Fritidsbolig,4,97,
"Jupitervej 13, Gl Bisnap, 9370 Hals",9370,Hals,2295000,Fritidsbolig,4,92,
"Strandbyvej 27, Jørgensø Strand, 5450 Otterup",5450,Otterup,1795000,Fritidsbolig,2,50,41.0
"Englodsvej 18, Ørby, 3210 Vejby",3210,Vejby,3495000,Fritidsbolig,4,117,
"Vester Storetoft 47, Sønderho, 6720 Fanø",6720,Fanø,3495000,Fritidsbolig,9,228,
"Hf. Brønshøjholm 13, 2700 Brønshøj",2700,Brønshøj,2595000,Fritidsbolig,3,55,
"Kystvej 68, Binderup, 6091 Bjert",6091,Bjert,3950000,Fritidsbolig,3,118,
"Savmøllen 16, 6857 Blåvand",6857,Blåvand,3795000,Fritidsbolig,5,166,
"Vikærparken 49, Diernæs, 6100 Haderslev",6100,Haderslev,1795000,Fritidsbolig,4,67,
"Nordkapvej 4, Tversted, 9881 Bindslev",9881,Bindslev,1195000,Fritidsbolig,3,56,
"Rylevej 27, Store Sjørup, 8950 Ørsted",8950,Ørsted,998000,Fritidsbolig,4,85,
Munkerupvej 4,,,4250000,Fritidsbolig,4,101,
"Kærnebidervej 2, 4873 Væggerløse",4873,Væggerløse,2800000,Fritidsbolig,4,98,
"Rævegravs-Åsen 5, Smidstrup, 3250 Gilleleje",3250,Gilleleje,4850000,Fritidsbolig,5,121,
"Kildelodden 14, Ølsted Nordstrand, 3310 Ølsted",3310,Ølsted,2499000,Fritidsbolig,3,61,
"Slunden 21, Rindby Strand, 6720 Fanø",6720,Fanø,4485000,Fritidsbolig,5,105,59.0
"Frederikshøj 2, 7620 Lemvig",7620,Lemvig,675000,Villa,3,81,
"Allikevej 2, Kirke Stillinge, 4200 Slagelse",4200,Slagelse,1775000,Fritidsbolig,6,104,
"Ritavej 24, 9370 Hals",9370,Hals,945000,Fritidsbolig,5,92,
"Vesteragegyden 33, Enemærket, 5683 Haarby",5683,Haarby,1695000,Fritidsbolig,4,75,
"Humlegårdsvej 6, Bjerregaard, 6960 Hvide Sande",6960,Hvide Sande,1995000,Fritidsbolig,4,88,
"Røglevangen 15, Udsholt, 3230 Græsted",3230,Græsted,1995000,Fritidsbolig,4,119,
"Olstrupvej 6, Olstrup, 4690 Haslev",4690,Haslev,1695000,Villa,4,120,
"Bøgealle 3, Lodbj Hede, 6950 Ringkøbing",6950,Ringkøbing,1495000,Fritidsbolig,4,66,
"Munkegårdsskoven 13, Poulsker, 3730 Nexø",3730,Nexø,1795000,Fritidsbolig,5,74,
"Maribovej 180, 4900 Nakskov",4900,Nakskov,785000,Villa,5,170,25.0
Rødgræsvej 4,,,1145000,Fritidsbolig,4,93,
"Kløften 3, Loddenhøj, 6200 Aabenraa",6200,Aabenraa,1148000,Fritidsbolig,4,74,
"Hf. Bachersminde 29, 2791 Dragør",2791,Dragør,3250000,Fritidsbolig,3,52,
"Musvågevej 17, Lodskovvad, 9982 Ålbæk",9982,Ålbæk,995000,Fritidsbolig,4,96,
"Egil Fischers Vej 14, Femmøller Strand, 8400 Ebeltoft",8400,Ebeltoft,5500000,Fritidsbolig,4,177,114.0
"Nørre Knoldevej 27, Skal Klit, 9800 Hjørring",9800,Hjørring,5400000,Fritidsbolig,8,150,
"Sellerup Strandvej 79, Sellerup, 7080 Børkop",7080,Børkop,5495000,Fritidsbolig,4,144,
"Grindevej 14, Ulstrup, 9480 Løkken",9480,Løkken,1998000,Fritidsbolig,5,128,
"Vibsevej 61F, Vesterhave, 4736 Karrebæksminde",4736,Karrebæksminde,1095000,Fritidsbolig,2,44,
"Over Bækken 23, 9370 Hals",9370,Hals,615000,Fritidsbolig,3,54,
"Langdalsvej 42, Vråby, 6792 Rømø",6792,Rømø,2845000,Fritidsbolig,4,106,
"Svanevej 73, Hjarbæk, 8831 Løgstrup",8831,Løgstrup,1995000,Fritidsbolig,4,116,6.0
"Lilletoften 4, Over Draaby Strand, 3630 Jægerspris",3630,Jægerspris,695000,Fritidsbolig,6,122,
"Dyrholmen 119, Strand Esbønderup, 3250 Gilleleje",3250,Gilleleje,1795000,Fritidsbolig,3,75,
"Høgevej 130, Ebdrup, 8560 Kolind",8560,Kolind,573000,Fritidsbolig,3,50,
"Engbo 7, Kirkholm, 7130 Juelsminde",7130,Juelsminde,1995000,Fritidsbolig,4,78,
"Lærkestien 11, Næsby, 4305 Orø",4305,Orø,2550000,Fritidsbolig,5,94,
"Solskrænten 18, Mommark, 6470 Sydals",6470,Sydals,1245000,Fritidsbolig,3,61,
"Fiskervej 58, Mommark, 6470 Sydals",6470,Sydals,2399000,Fritidsbolig,5,123,
"Østerlyngvej 163, 4500 Nykøbing Sj",4500,Nykøbing Sj,1795000,Fritidsbolig,4,81,
"Kringelbækvej 17, 9480 Løkken",9480,Løkken,2495000,Fritidsbolig,5,125,
"Søgårdsvej 42, 6823 Ansager",6823,Ansager,795000,Fritidsbolig,3,68,
"Illeris 37, Hvalpsund, 9640 Farsø",9640,Farsø,775000,Fritidsbolig,4,89,
"Mælkebøttevej 8, 4873 Væggerløse",4873,Væggerløse,1395000,Fritidsbolig,3,66,
"Kragemarken 25, Tornby, 9850 Hirtshals",9850,Hirtshals,1795000,Fritidsbolig,4,76,
"Elisesvej 58, Trend, 9670 Løgstør",9670,Løgstør,595000,Fritidsbolig,4,50,
"Falkevej 12, 4872 Idestrup",4872,Idestrup,795000,Fritidsbolig,2,27,
"Engvænget 3, Lammefjorden, 4571 Grevinge",4571,Grevinge,795000,Fritidsbolig,2,50,
"Klintestien 29, Roneklint St, 4720 Præstø",4720,Præstø,1350000,Fritidsbolig,2,55,
"Bro Skov 8, Bro Skov, 5464 Brenderup Fyn",5464,Brenderup Fyn,898000,Fritidsbolig,4,98,
"Løjt Feriecenter 1 119, 6200 Aabenraa",6200,Aabenraa,695000,Fritidsbolig,3,60,
"Vipstjertevej 1, 3210 Vejby",3210,Vejby,2750000,Fritidsbolig,3,83,
"Falkevej 13, 3300 Frederiksværk",3300,Frederiksværk,2145000,Fritidsbolig,2,44,
"Ålesaksen 4, 4780 Stege",4780,Stege,2200000,Fritidsbolig,3,90,
"Mejløvej 6, Bønnerup Strand, 8585 Glesborg",8585,Glesborg,1598000,Fritidsbolig,3,75,
"Rødhusparken 23, Rødhus, 9490 Pandrup",9490,Pandrup,1095000,Fritidsbolig,5,67,
"Havklitvej 12, Klegod, 6950 Ringkøbing",6950,Ringkøbing,3795000,Fritidsbolig,4,118,
"Jasminvej 24, 4872 Idestrup",4872,Idestrup,1850000,Fritidsbolig,4,78,
"Mågelunden 2, Kramnitze, 4970 Rødby",4970,Rødby,1695000,Fritidsbolig,4,124,
"Grønnevej 8, 6857 Blåvand",6857,Blåvand,2995000,Fritidsbolig,4,88,
"Strandvejen 150, 8, Tranum, 9460 Brovst",9460,Brovst,550000,Fritidsbolig,3,63,
"Kronvildtvej 20, Krogen, 9460 Brovst",9460,Brovst,1695000,Fritidsbolig,5,120,
"Øreringene 4, 8400 Ebeltoft",8400,Ebeltoft,5995000,Fritidsbolig,5,159,
"Vedhammervej 13, Lumsås, 4500 Nykøbing Sj",4500,Nykøbing Sj,3595000,Fritidsbolig,5,82,
"Olesbjerg 6, Vrold, 8660 Skanderborg",8660,Skanderborg,4299000,Fritidsbolig,4,137,32.0
"Hovborgvej 30N, 7200 Grindsted",7200,Grindsted,545000,Fritidsbolig,2,35,
"Strandvangen 44, Pedersker, 3720 Aakirkeby",3720,Aakirkeby,3695000,Fritidsbolig,5,120,
"Ternevej 23, Strandet, 7840 Højslev",7840,Højslev,895000,Fritidsbolig,5,83,
"Kirstinevej 10, Bjerregaard, 6960 Hvide Sande",6960,Hvide Sande,1565000,Fritidsbolig,4,82,
"Ravnsager 7, Saksild Str, 8300 Odder",8300,Odder,2498000,Fritidsbolig,5,63,24.0
"Grønningen 5, Teglgården, 6094 Hejls",6094,Hejls,1495000,Fritidsbolig,3,59,
"Søstjernevej 26, Bildsø, 4200 Slagelse",4200,Slagelse,2950000,Fritidsbolig,3,49,
"Ristinge Sommerland 60, Ristinge, 5932 Humble",5932,Humble,1795000,Fritidsbolig,4,94,
"Boulevarden 9P, Balka, 3730 Nexø",3730,Nexø,995000,Fritidsbolig,3,54,
"Fyrrekrat 22, Søndervig, 6950 Ringkøbing",6950,Ringkøbing,2695000,Fritidsbolig,4,107,
"Høgevej 6, Smidstrup, 3250 Gilleleje",3250,Gilleleje,8500000,Fritidsbolig,4,108,
"Gøgeurtvej 10, 4760 Vordingborg",4760,Vordingborg,1995000,Fritidsbolig,4,81,17.0
"Pilevej 3, Egense, 9280 Storvorde",9280,Storvorde,765000,Fritidsbolig,3,75,
"Nordsøvej 31, Lønstrup, 9800 Hjørring",9800,Hjørring,2395000,Fritidsbolig,6,137,
"Sletten 62, Odde, 9560 Hadsund",9560,Hadsund,1498000,Fritidsbolig,4,130,
"Vesterled 4, 4874 Gedser",4874,Gedser,2775000,Fritidsbolig,2,72,
"Strandbakken 43, Helnæs, 5631 Ebberup",5631,Ebberup,3500000,Fritidsbolig,7,185,10.0
"Slettevej 65, 7673 Harboøre",7673,Harboøre,2465000,Fritidsbolig,6,151,
"Grindevej 23, Ulstrup, 9480 Løkken",9480,Løkken,1895000,Fritidsbolig,4,117,
"Dyrefolden 31, Hee, 6950 Ringkøbing",6950,Ringkøbing,1110000,Fritidsbolig,4,71,
"Elmelundsvej 19, Lyngsbæk Str, 8400 Ebeltoft",8400,Ebeltoft,2295000,Fritidsbolig,7,99,
"Furrebyvej 4, 9480 Løkken",9480,Løkken,1298000,Fritidsbolig,2,41,
"Kirkedalsvej 11, Lønstrup, 9800 Hjørring",9800,Hjørring,1795000,Fritidsbolig,7,118,
"Hjortespringet 11, Lyngså, 9300 Sæby",9300,Sæby,1295000,Fritidsbolig,7,140,
"Egernlunden 12, Tibirke Sand, 3300 Frederiksværk",3300,Frederiksværk,3695000,Fritidsbolig,4,114,
"Kallesmærskvej 12, 6857 Blåvand",6857,Blåvand,2995000,Fritidsbolig,4,80,
"Øvrevænget 17, 3220 Tisvildeleje",3220,Tisvildeleje,17000000,Fritidsbolig,9,316,100.0
"Midtvej 6, 4874 Gedser",4874,Gedser,895000,Fritidsbolig,4,52,
"Brisevej 6, Lumsås, 4500 Nykøbing Sj",4500,Nykøbing Sj,2495000,Fritidsbolig,4,78,
"Horizonvej 19, Vrist, 7673 Harboøre",7673,Harboøre,1795000,Fritidsbolig,5,73,
"Strandbakken 25, Skåstrup Str, 5400 Bogense",5400,Bogense,1895000,Fritidsbolig,3,77,
"Skovmårvej 12, Bognæs, 4300 Holbæk",4300,Holbæk,995000,Fritidsbolig,4,79,
"Stenhusvej 6, Slettestrand, 9690 Fjerritslev",9690,Fjerritslev,995000,Fritidsbolig,4,62,
"Orionvej 2, Vejlby Fed, 5500 Middelfart",5500,Middelfart,1895000,Fritidsbolig,3,62,
"Gefionvej 63, 2740 Skovlunde",2740,Skovlunde,1645000,Fritidsbolig,4,60,
"Ved Volden 13, 6857 Blåvand",6857,Blåvand,7998000,Fritidsbolig,7,247,
"Folvavej 2, 4873 Væggerløse",4873,Væggerløse,2799000,Fritidsbolig,6,136,
"Hjarnøvej 5, Bønnerup Strand, 8585 Glesborg",8585,Glesborg,2195000,Fritidsbolig,6,139,
"Risbjergvej 20, Lodbj Hede, 6950 Ringkøbing",6950,Ringkøbing,1995000,Fritidsbolig,5,118,
"Øster-Skovvej 61, Nørhede, 6990 Ulfborg",6990,Ulfborg,1395000,Fritidsbolig,4,90,
"Halvrebene 46, Als, 9560 Hadsund",9560,Hadsund,1875000,Fritidsbolig,4,108,
"Tofteager 26, Udsholt, 3230 Græsted",3230,Græsted,4795000,Fritidsbolig,5,118,
"Musestien 6, 4873 Væggerløse",4873,Væggerløse,2395000,Fritidsbolig,5,131,
"Ebenezervej 20, Stenbjerg, 7752 Snedsted",7752,Snedsted,998000,Fritidsbolig,2,57,
"Cypresvænget 197, Enø, 4736 Karrebæksminde",4736,Karrebæksminde,1295000,Fritidsbolig,4,47,
"Lodbergsvej 433, Søndervig, 6950 Ringkøbing",6950,Ringkøbing,2695000,Fritidsbolig,4,81,
"Marina Fiskenæs Feriepark 37, 6300 Gråsten",6300,Gråsten,1399000,Fritidsbolig,5,98,
"Følfodvej 3, 4873 Væggerløse",4873,Væggerløse,1495000,Fritidsbolig,4,78,
"Sand Holms Vej 11, Søndervig, 6950 Ringkøbing",6950,Ringkøbing,2248000,Fritidsbolig,4,87,
"Artemisvej 12, Drøsselbjerg, 4200 Slagelse",4200,Slagelse,2095000,Fritidsbolig,4,84,
"Skåstrup Strand Øst 40, Skåstrup Str, 5400 Bogense",5400,Bogense,1865000,Fritidsbolig,4,89,
"Kystvejen 360B, 4671 Strøby",4671,Strøby,1999995,Fritidsbolig,3,92,
"Hejsager Strandby 33, 6100 Haderslev",6100,Haderslev,3998000,Fritidsbolig,4,83,
"Strandgaardsvej 24, Over Draaby Strand, 3630 Jægerspris",3630,Jægerspris,1695000,Fritidsbolig,3,88,
"Alrøvej 109, Amstrup, 8300 Odder",8300,Odder,1195000,Fritidsbolig,3,58,
"Hulvej 28, 8400 Ebeltoft",8400,Ebeltoft,2195000,Fritidsbolig,5,105,
"Rosenvej 9, 6853 Vejers Strand",6853,Vejers Strand,6850000,Fritidsbolig,4,154,
"Hjelmevej 52, Søndervig, 6950 Ringkøbing",6950,Ringkøbing,2498000,Fritidsbolig,4,97,
"Faarup Klitvej 11, 9493 Saltum",9493,Saltum,2195000,Fritidsbolig,4,61,
"Hvidbjergvej 12, Søndervig, 6950 Ringkøbing",6950,Ringkøbing,3595000,Fritidsbolig,4,117,
"Henriettevej 10, Gudmindrup Lyng, 4573 Højby",4573,Højby,2695000,Fritidsbolig,3,75,
"Midtvej 35, Bjerregaard, 6960 Hvide Sande",6960,Hvide Sande,1095000,Fritidsbolig,4,65,
"Sneppevænget 34, Tibirke Sand, 3300 Frederiksværk",3300,Frederiksværk,2995000,Fritidsbolig,4,70,
"Strandvejen 191, Hou, 9370 Hals",9370,Hals,895000,Fritidsbolig,4,91,
"Mads'S Plantage 28, Helberskov, 9560 Hadsund",9560,Hadsund,895000,Fritidsbolig,4,86,
"Havstokken 46, 4760 Vordingborg",4760,Vordingborg,4500000,Fritidsbolig,4,96,
"Thorsvej 4, Kyndeløse, 4070 Kirke Hyllinge",4070,Kirke Hyllinge,1095000,Fritidsbolig,2,47,
"Bjergkløverstien 20, Vestervang, 4583 Sjællands Odde",4583,Sjællands Odde,1895000,Fritidsbolig,4,80,
"Fjordbakken 5, 3310 Ølsted",3310,Ølsted,1495000,Fritidsbolig,3,78,
"Munkerup Have 58, Munkerup, 3120 Dronningmølle",3120,Dronningmølle,7450000,Fritidsbolig,5,117,
"Rivedalen 19, 3220 Tisvildeleje",3220,Tisvildeleje,6750000,Fritidsbolig,2,25,
"Kragetoppen 2, Tornby, 9850 Hirtshals",9850,Hirtshals,4495000,Fritidsbolig,4,125,
"Strandparken 71, Helberskov, 9560 Hadsund",9560,Hadsund,1295000,Fritidsbolig,4,91,
"Rødtopvej 18, 4873 Væggerløse",4873,Væggerløse,1795000,Fritidsbolig,3,88,
"Sigynsvej 14, 3370 Melby",3370,Melby,1445000,Fritidsbolig,3,66,
"Gyvelvej 46, Kildekrog, 3100 Hornbæk",3100,Hornbæk,7950000,Fritidsbolig,5,108,12.0
"Dalenborgvej 13, Annisse, 3200 Helsinge",3200,Helsinge,5700000,Fritidsbolig,3,121,
"Ernst Hansensvej 3, Ellinge Lyng, 4573 Højby",4573,Højby,1495000,Fritidsbolig,4,87,
"Tøtmosen 22, Egense, 9280 Storvorde",9280,Storvorde,995000,Fritidsbolig,6,132,
"Reedtzholmvej 161, Enø, 4736 Karrebæksminde",4736,Karrebæksminde,1345000,Fritidsbolig,4,63,
"Hf. Kongevang 55B, 2770 Kastrup",2770,Kastrup,2695000,Fritidsbolig,4,76,
"Arvidvej 16, Bjerregaard, 6960 Hvide Sande",6960,Hvide Sande,4268000,Fritidsbolig,5,120,
"Frejavej 13, 2740 Skovlunde",2740,Skovlunde,1095000,Fritidsbolig,2,50,
"Klokkegrund 7A, Øer, 8400 Ebeltoft",8400,Ebeltoft,4295000,Fritidsbolig,6,180,
"Blåbærvej 13, Napstjert, 9981 Jerup",9981,Jerup,1395000,Fritidsbolig,4,81,
"Nellemannsvej 33, Lyngså, 9300 Sæby",9300,Sæby,798000,Fritidsbolig,4,84,
"Bjergfyrvej 10, 8250 Egå",8250,Egå,2945000,Fritidsbolig,3,62,
"Ellekrogen 6, 3300 Frederiksværk",3300,Frederiksværk,2195000,Fritidsbolig,2,51,
"Ericavej 2, 8250 Egå",8250,Egå,4395000,Fritidsbolig,4,106,
"Agervang 27, 3370 Melby",3370,Melby,2195000,Fritidsbolig,3,45,
"Hans Thuesensvej 11B, 6857 Blåvand",6857,Blåvand,5498000,Fritidsbolig,6,269,
"Syrenvej 5, Bønsvig Str, 4720 Præstø",4720,Præstø,2275000,Fritidsbolig,5,113,
"Hybenvej 60, Stauning, 6900 Skjern",6900,Skjern,745000,Fritidsbolig,4,75,
"Horntoftevej 15, 6857 Blåvand",6857,Blåvand,2998000,Fritidsbolig,4,89,
"Engblommevej 5, 4040 Jyllinge",4040,Jyllinge,2395000,Fritidsbolig,4,89,
"Hovdiget 7, Dalby Huse, 3630 Jægerspris",3630,Jægerspris,1045000,Fritidsbolig,4,65,
"Fourmivej 56, Vrist, 7673 Harboøre",7673,Harboøre,1450000,Fritidsbolig,5,125,
"Fiskervej 35P, Mommark, 6470 Sydals",6470,Sydals,1395000,Fritidsbolig,3,47,
"Vildmosevej 3, Saltvig, 4952 Stokkemarke",4952,Stokkemarke,595000,Fritidsbolig,4,100,
"Aarø Strandhøj 7, 6100 Haderslev",6100,Haderslev,1745000,Fritidsbolig,5,109,
"Rønne Alle 23, Begtrup, 8420 Knebel",8420,Knebel,3495000,Fritidsbolig,3,136,
"Skolelodden 19, Smidstrup, 3250 Gilleleje",3250,Gilleleje,3195000,Fritidsbolig,4,120,
"Vejlby Klit 191, Vejlby, 7673 Harboøre",7673,Harboøre,2395000,Fritidsbolig,8,186,
"Skovvej 9, Sunddraget, 7790 Thyholm",7790,Thyholm,895000,Fritidsbolig,4,73,
"Krejsagervej 1, 3210 Vejby",3210,Vejby,2695000,Fritidsbolig,5,73,
"Mosehaven 3, 2640 Hedehusene",2640,Hedehusene,1495000,Fritidsbolig,3,43,
"Birkemosevej 22, 4874 Gedser",4874,Gedser,535000,Fritidsbolig,3,58,
"Vedehøj 5, Femmøller, 8400 Ebeltoft",8400,Ebeltoft,1848000,Fritidsbolig,3,97,
"Emmelstenvej 37, Bakkerne, 7884 Fur",7884,Fur,2000000,Fritidsbolig,4,86,
"Trekanten 11, Koldkær, 9370 Hals",9370,Hals,848000,Fritidsbolig,4,63,
"Farmen 10, 8600 Silkeborg",8600,Silkeborg,4495000,Fritidsbolig,4,90,
"Skovvænget 4, Munkerup, 3120 Dronningmølle",3120,Dronningmølle,2995000,Fritidsbolig,4,80,
"Knoldebækvej 14, Skallerup, 9800 Hjørring",9800,Hjørring,2445000,Fritidsbolig,4,83,
"Hf. Brønshøjholm 2, 2700 Brønshøj",2700,Brønshøj,2995000,Fritidsbolig,4,60,
"Slugtvej 1, 3220 Tisvildeleje",3220,Tisvildeleje,15000000,Fritidsbolig,6,151,
"Skelvej 24, 3300 Frederiksværk",3300,Frederiksværk,2495000,Fritidsbolig,4,76,
"Ellekrattet 20, Kisserup, 4300 Holbæk",4300,Holbæk,1295000,Fritidsbolig,3,62,
"Melby Enghavevej 89, 3370 Melby",3370,Melby,1795000,Fritidsbolig,5,57,
"Stenbjergvænget 19, Salvig, 4305 Orø",4305,Orø,945000,Fritidsbolig,4,69,
"Egevej 3, Hevringholm, 8961 Allingåbro",8961,Allingåbro,675000,Fritidsbolig,3,65,
"Ejbyholm 37, 2600 Glostrup",2600,Glostrup,950000,Fritidsbolig,2,32,
"Hf. Brønshøjholm 41, 2700 Brønshøj",2700,Brønshøj,2995000,Fritidsbolig,3,50,
"Metholmvej 20, Tved, 8420 Knebel",8420,Knebel,4995000,Fritidsbolig,5,144,
"Nathøgevej 15, 4873 Væggerløse",4873,Væggerløse,1350000,Fritidsbolig,4,67,
"Fiskervej 1, Egenæs, 4571 Grevinge",4571,Grevinge,2496000,Fritidsbolig,4,103,
"Kollemarken 61, 6857 Blåvand",6857,Blåvand,3750000,Fritidsbolig,4,155,
"Helligsøvej 30A, 7760 Hurup Thy",7760,Hurup Thy,1230000,Fritidsbolig,6,138,
"Hjortshøjvej 7, Hasmark Strand, 5450 Otterup",5450,Otterup,998000,Fritidsbolig,3,39,
"Højvangen 9, Rågeleje, 3210 Vejby",3210,Vejby,1995000,Fritidsbolig,3,120,
"Fladlandsvej 15, 4874 Gedser",4874,Gedser,985000,Fritidsbolig,3,55,
"Kæruldsvej 7, Bjerge Sydstrand, 4480 Store Fuglede",4480,Store Fuglede,1195000,Fritidsbolig,5,85,
"Sebbersundvej 11, Bislev, 9240 Nibe",9240,Nibe,595000,Fritidsbolig,3,40,
"Kystvej 33, Maemosen, 5871 Frørup",5871,Frørup,2995000,Fritidsbolig,2,62,
"Porsevej 14, Ejersted, 9493 Saltum",9493,Saltum,1898000,Fritidsbolig,3,50,
"Ringvejen 26, Serup, 7790 Thyholm",7790,Thyholm,595000,Fritidsbolig,4,64,
"Strandbyvej 12, Jørgensø Strand, 5450 Otterup",5450,Otterup,3375000,Fritidsbolig,4,77,
"Gudrun Børresensvej 13, Ejby, 4070 Kirke Hyllinge",4070,Kirke Hyllinge,2900000,Fritidsbolig,2,145,69.0
"Højvangen 15, Rågeleje, 3210 Vejby",3210,Vejby,1599000,Fritidsbolig,4,89,
"Havtidselvej 8, 8250 Egå",8250,Egå,5995000,Fritidsbolig,4,121,
"Bakkesvinget 30, Kyndeløse, 4070 Kirke Hyllinge",4070,Kirke Hyllinge,1150000,Fritidsbolig,3,68,
"Skrænten 65, 4671 Strøby",4671,Strøby,2375000,Fritidsbolig,3,82,
"Haslevgaarde Bakker 5, Haslevgaarde, 9560 Hadsund",9560,Hadsund,895000,Fritidsbolig,3,82,
"Hf. Rågårdskær 21, 2791 Dragør",2791,Dragør,1195000,Fritidsbolig,2,35,
"Ingridsvej 16, 4654 Faxe Ladeplads",4654,Faxe Ladeplads,1095000,Fritidsbolig,4,52,
"Strandsvinget 15, Plejeruphuse, 4571 Grevinge",4571,Grevinge,1695000,Fritidsbolig,4,66,
"Engagervej 64, Dyngby Strand, 8300 Odder",8300,Odder,2299000,Fritidsbolig,5,93,
"Lundebakken 7, 3210 Vejby",3210,Vejby,2995000,Fritidsbolig,4,104,
"Astavej 5, Hvorup Klit, 9480 Løkken",9480,Løkken,3495000,Fritidsbolig,5,115,
"Sydmarken 49, Arrild, 6520 Toftlund",6520,Toftlund,795000,Fritidsbolig,4,73,
"Lerskrænten 60, Ejsingholm, 7830 Vinderup",7830,Vinderup,1275000,Fritidsbolig,3,53,
"Krageholmsvej 74, Enø, 4736 Karrebæksminde",4736,Karrebæksminde,1695000,Fritidsbolig,4,73,
"Lundehøj 23, 3210 Vejby",3210,Vejby,3395000,Fritidsbolig,5,80,
"Helletofte Strand 45, Helletofte, 5953 Tranekær",5953,Tranekær,2495000,Fritidsbolig,6,148,
"Sandstensvej 19, Knud, 7860 Spøttrup",7860,Spøttrup,595000,Fritidsbolig,3,53,
"Ligustervej 1A, Egsmark, 8400 Ebeltoft",8400,Ebeltoft,2595000,Fritidsbolig,4,91,
"Musvågevej 110, Lodskovvad, 9982 Ålbæk",9982,Ålbæk,1895000,Fritidsbolig,4,89,
"Fyrmarken 147, Nr Lyngvig, 6960 Hvide Sande",6960,Hvide Sande,1695000,Fritidsbolig,4,71,
"Max Danners Alle 10, Ramløse Sand, 3300 Frederiksværk",3300,Frederiksværk,2995000,Fritidsbolig,5,183,
"Kramnitsevej 66, Kramnitse, 4970 Rødby",4970,Rødby,895000,Fritidsbolig,2,56,
"Trekroner Sidevej 6, Gudmindrup Lyng, 4573 Højby",4573,Højby,2195000,Fritidsbolig,4,105,
"Møllebakken 17, 4793 Bogø By",4793,Bogø By,995000,Fritidsbolig,3,56,
"Stolt Henriksvej 4, 4873 Væggerløse",4873,Væggerløse,1495000,Fritidsbolig,3,67,
"Tisvildegårdsvej 13, 3220 Tisvildeleje",3220,Tisvildeleje,3195000,Fritidsbolig,3,55,
"Karsebakken 10, Klint, 4500 Nykøbing Sj",4500,Nykøbing Sj,2695000,Fritidsbolig,4,90,
"Minnasvej 27, Borregård, 9670 Løgstør",9670,Løgstør,2300000,Fritidsbolig,5,130,
"M Christensens Vej 79, Åsendrup, 9480 Løkken",9480,Løkken,2275000,Fritidsbolig,4,65,
"Orionvej 4, Skiveren, 9982 Ålbæk",9982,Ålbæk,1995000,Fritidsbolig,4,110,
"Bækbyvej 32, Husby, 6990 Ulfborg",6990,Ulfborg,4995000,Fritidsbolig,13,355,
"Furvej 13, Amtoft, 7742 Vesløs",7742,Vesløs,1545000,Fritidsbolig,3,90,
"Slude Strand 4C, 5871 Frørup",5871,Frørup,9995000,Fritidsbolig,3,191,
"Slugten 8, Drøsselbjerg, 4200 Slagelse",4200,Slagelse,8995000,Fritidsbolig,9,180,
"Østergårdsvej 7, Åsendrup, 9480 Løkken",9480,Løkken,3195000,Fritidsbolig,5,158,
"Nældevej 9, 4873 Væggerløse",4873,Væggerløse,1925000,Fritidsbolig,5,96,
"Rørsangervej 108, Langesø, 3080 Tikøb",3080,Tikøb,1975000,Fritidsbolig,4,97,8.0
"Lillevangsvej 2, Over Draaby Strand, 3630 Jægerspris",3630,Jægerspris,2595000,Fritidsbolig,4,105,
"Fiskervej 65B, Egsmark, 8400 Ebeltoft",8400,Ebeltoft,1895000,Fritidsbolig,4,94,
"Nøddekrogen 10, 3390 Hundested",3390,Hundested,1895000,Fritidsbolig,3,136,
"Drosselvej 154, Saksild Str, 8300 Odder",8300,Odder,2048000,Fritidsbolig,2,48,
"Klintestien 19, Roneklint St, 4720 Præstø",4720,Præstø,1995000,Fritidsbolig,4,66,
