full_address,postal_code,city,price,type,rooms,sq_m,sq_m_cellar
"Ballesvej 5, Sillerslev, 7990 Øster Assels",7990,Øster Assels,1995000,Fritidsbolig,4,97,
"Drejet 36D, Spodsbj Drej, 5900 Rudkøbing",5900,Rudkøbing,1845000,Fritidsbolig,4,83,
"Engdraget 5, Hou, 9370 Hals",9370,Hals,1040000,Fritidsbolig,3,93,76.0
"Hjelmvej 13, Elsegårde Strand",,Elsegårde Strand,1298000,Fritidsbolig,3,40,
"Baroniet 22, 3100 Hornbæk",3100,Hornbæk,4195000,Fritidsbolig,4,99,
"Slunden 56, Rindby Strand, 6720 Fanø",6720,Fanø,2495000,Fritidsbolig,5,92,
"Birkevangsvej 18, 3100 Hornbæk",3100,Hornbæk,6995000,Fritidsbolig,3,88,
"Kybehuse 81, Vile, 7870 Roslev",7870,Roslev,735000,Fritidsbolig,4,58,
"Storhøjs Alle 7, Strand Esbønderup, 3250 Gilleleje",3250,Gilleleje,2795000,Fritidsbolig,3,98,
"Sigfred Jensens Vej 37, Bjerregaard, 6960 Hvide Sande",6960,Hvide Sande,1525000,Fritidsbolig,4,79,
"Arningevej 8, 4983 Dannemare",4983,Dannemare,475000,Fritidsbolig,5,185,
"Strandvejen 61C, st. 113., Fanø Bad",,Fanø Bad,1245000,Fritidsbolig,2,44,
"Sandvej 4C, Fjellerup Strand, 8585 Glesborg",8585,Glesborg,2498000,Fritidsbolig,4,106,
"Arnakkevej 20, 4593 Eskebjerg",4593,Eskebjerg,1295000,Villa,6,163,
"Bredmaj 90, Rendbjerg, 6320 Egernsund",6320,Egernsund,995000,Fritidsbolig,4,60,
"Bøffelvej 2, Bunken, 9982 Ålbæk",9982,Ålbæk,995000,Fritidsbolig,4,70,
"Hyldebærvej 47, Knasborg, 9982 Ålbæk",9982,Ålbæk,3295000,Fritidsbolig,6,211,
"Svanningevej 11, 5600 Faaborg",5600,Faaborg,695000,Villa,3,102,
"Blåbærvej 38, Hostrup, 7860 Spøttrup",7860,Spøttrup,1145000,Fritidsbolig,3,95,38.0
"Nonboevej 5A, Fanø Bad, 6720 Fanø",6720,Fanø,2198000,Fritidsbolig,5,100,
"Strandvejen 52, 1. 114, Fanø Bad, 6720 Fanø",6720,Fanø,795000,Fritidsbolig,2,68,
"Lindeparken 38, 9370 Hals",9370,Hals,2140000,Fritidsbolig,3,112,
"Vænget 4, 7130 Juelsminde",7130,Juelsminde,7875000,Fritidsbolig,6,151,
"Kirkeskovvej 19, Tåstrup, 4672 Klippinge",4672,Klippinge,1395000,Fritidsbolig,5,185,
"Thurøvej 44, Horne, 5600 Faaborg",5600,Faaborg,1895000,Fritidsbolig,3,69,
"Rosendalen 36, 4500 Nykøbing Sj",4500,Nykøbing Sj,995000,Fritidsbolig,3,48,
"Dilshøj 4, Håstrup, 5600 Faaborg",5600,Faaborg,1795000,Villa,4,176,
"Mågedalen 85, Houvig, 6950 Ringkøbing",6950,Ringkøbing,4495000,Fritidsbolig,5,160,
"Fasanstien 146A, 4970 Rødby",4970,Rødby,785000,Fritidsbolig,2,54,
"Hf. Maglebylund 347, 2791 Dragør",2791,Dragør,1995000,Fritidsbolig,3,45,
"Violvej 2, Abildøre, 4560 Vig",4560,Vig,2550000,Fritidsbolig,4,80,
"Fasanstien 8, Ølsted Nordstrand, 3310 Ølsted",3310,Ølsted,1795000,Fritidsbolig,6,142,
"Fjordstien 69, Søndervig, 6950 Ringkøbing",6950,Ringkøbing,1695000,Fritidsbolig,3,48,
"Lærkevejen 4, 4874 Gedser",4874,Gedser,1675000,Fritidsbolig,4,82,
"Østergade 10, 3250 Gilleleje",3250,Gilleleje,4465000,Fritidsbolig,3,56,
"Jættevej 6, 2740 Skovlunde",2740,Skovlunde,750000,Fritidsbolig,2,49,
"Froidal 22, Toftum, 6792 Rømø",6792,Rømø,1698000,Fritidsbolig,5,138,
"Musvågevej 54, Lodskovvad, 9982 Ålbæk",9982,Ålbæk,1795000,Fritidsbolig,4,94,
"Svalevej 5, Nordenhuse, 5800 Nyborg",5800,Nyborg,1875000,Fritidsbolig,3,62,
"Kystvejen 38, Hou, 9370 Hals",9370,Hals,1280000,Fritidsbolig,4,101,
"Skippervej 14, 6857 Blåvand",6857,Blåvand,3295000,Fritidsbolig,3,48,
"Sankt Helene Vej 10F, 3220 Tisvildeleje",3220,Tisvildeleje,4375000,Fritidsbolig,4,161,
"Fløden 8, Fjellerup Strand, 8585 Glesborg",8585,Glesborg,1998000,Fritidsbolig,5,120,
"Vandborgvej 63, Dybe",,Dybe,645000,Fritidsbolig,3,120,
"Fyrvej 24, 6857 Blåvand",6857,Blåvand,2998000,Fritidsbolig,4,89,
"Strandgården 77, 9300 Sæby",9300,Sæby,4495000,Fritidsbolig,4,102,
"Orionvej 9, 3100 Hornbæk",3100,Hornbæk,5995000,Fritidsbolig,4,100,
"Lyngstien 17, Hou, 9370 Hals",9370,Hals,2695000,Fritidsbolig,4,117,
"Helmklit 273, Nr Fjand, 6990 Ulfborg",6990,Ulfborg,1425000,Fritidsbolig,5,142,
"Strandlystvej 10, 3100 Hornbæk",3100,Hornbæk,6785000,Fritidsbolig,3,90,
"Halvrebene 38, Als, 9560 Hadsund",9560,Hadsund,1295000,Fritidsbolig,4,65,
"Skåstrup Strand Øst 53, Skåstrup Str, 5400 Bogense",5400,Bogense,1125000,Fritidsbolig,3,67,
"Bjørnsknudevej 44B, 7130 Juelsminde",7130,Juelsminde,4495000,Fritidsbolig,4,101,
"Alstrupvej 22, Alstrup, 4840 Nørre Alslev",4840,Nørre Alslev,395000,Villa,5,99,
"Østersvej 5, Lyngså, 9300 Sæby",9300,Sæby,295000,Fritidsbolig,3,40,
"Karl Frandsens Vej 8, Kulhuse, 3630 Jægerspris",3630,Jægerspris,1075000,Fritidsbolig,2,47,
"Havstien 142, Søndervig, 6950 Ringkøbing",6950,Ringkøbing,2245000,Fritidsbolig,4,70,
"Nordre Strandvej 375, 3100 Hornbæk",3100,Hornbæk,6675000,Fritidsbolig,6,163,91.0
"Hårkjærvej 7E, Hoven, 6880 Tarm",6880,Tarm,595000,Fritidsbolig,3,50,
"Julianehåb 11, Kongsmark, 6792 Rømø",6792,Rømø,1990000,Fritidsbolig,4,107,
"Torpvej 17, Fanø Bad, 6720 Fanø",6720,Fanø,2400000,Fritidsbolig,5,80,
"Sandgravs-Åsen 8, Bakkebjerg, 3230 Græsted",3230,Græsted,2495000,Fritidsbolig,3,91,
"Tjørnestien 2, Havnsø Str, 4591 Føllenslev",4591,Føllenslev,1175000,Fritidsbolig,4,77,
"Engparken 22, 5871 Frørup",5871,Frørup,1475000,Fritidsbolig,3,69,
"Hvedemarken 25, Grønninghoved, 6093 Sjølund",6093,Sjølund,3295000,Fritidsbolig,4,101,
"Golfsvinget 288, Gatten, 9640 Farsø",9640,Farsø,1395000,Fritidsbolig,3,72,
"Sivsangervej 47, Langesø, 3080 Tikøb",3080,Tikøb,2350000,Fritidsbolig,4,89,
"Strandhusvej 23, Udbyhøj, 8950 Ørsted",8950,Ørsted,795000,Fritidsbolig,3,60,
"Sandlodsvej 33A, 4581 Rørvig",4581,Rørvig,4695000,Fritidsbolig,4,72,
"Østre Strandvej 73, Hasmark Strand, 5450 Otterup",5450,Otterup,1645000,Fritidsbolig,3,57,
"Glentebakken 9, Hjarbæk",,Hjarbæk,1695000,Fritidsbolig,4,70,
"Arcticvej 8, Vrist, 7673 Harboøre",7673,Harboøre,2995000,Fritidsbolig,7,199,
"Torndalstrand 45, 9370 Hals",9370,Hals,1350000,Fritidsbolig,4,74,
"Sandtornvej 26, Vorupør, 7700 Thisted",7700,Thisted,1295000,Fritidsbolig,3,58,
"Sandageren 9, 6857 Blåvand",6857,Blåvand,2595000,Fritidsbolig,5,138,
"Tangvej 28, Store Sjørup",,Store Sjørup,1245000,Fritidsbolig,5,138,
"Svinget 44, Albæk, 8930 Randers NØ",8930,Randers NØ,1795000,Fritidsbolig,1,39,
Kongevejen 187,,,1280000,Fritidsbolig,6,119,
"Kollemarken 73, 6857 Blåvand",6857,Blåvand,11800000,Fritidsbolig,6,250,
"Hans Hansensvej 20, Lønne, 6830 Nørre Nebel",6830,Nørre Nebel,1395000,Fritidsbolig,5,88,
"Kattesundet 7, 4900 Nakskov",4900,Nakskov,435000,Rækkehus,4,70,
"Hovedgaden 34, 4913 Horslunde",4913,Horslunde,1095000,Villa,5,197,
"Golfsvinget 36, Gatten, 9640 Farsø",9640,Farsø,1595000,Fritidsbolig,3,90,
"Ulstrupvej 42, Ulstrup, 4281 Gørlev",4281,Gørlev,1395000,Villa,4,145,
"Nørgårds Strand 35, Sønderby, 7130 Juelsminde",7130,Juelsminde,2495000,Fritidsbolig,4,72,
"Kræ Degns Vej 4, Klegod, 6950 Ringkøbing",6950,Ringkøbing,2248000,Fritidsbolig,4,113,
"Bøgealle 12, Lodbj Hede, 6950 Ringkøbing",6950,Ringkøbing,1595000,Fritidsbolig,4,79,
"Bakkesiden 14, Doverodde",,Doverodde,1175000,Fritidsbolig,4,86,
"Tingodden 200, Aargab, 6960 Hvide Sande",6960,Hvide Sande,2145000,Fritidsbolig,5,94,
"Pilevænget 15, Øer, 8400 Ebeltoft",8400,Ebeltoft,1675000,Fritidsbolig,4,78,
"Rastestedet 34, Dejret Strand",,Dejret Strand,1495000,Fritidsbolig,3,84,
"Hyldestien 182, 7190 Billund",7190,Billund,1995000,Fritidsbolig,6,112,
"Blåbærvej 26, Napstjert, 9981 Jerup",9981,Jerup,1295000,Fritidsbolig,3,71,
"Vænget 1, 3120 Dronningmølle",3120,Dronningmølle,3995000,Fritidsbolig,4,119,
"Lærkebakken 2, Kregme, 3300 Frederiksværk",3300,Frederiksværk,1495000,Fritidsbolig,3,40,
"Hasselvænget 2, Dyngby Strand, 8300 Odder",8300,Odder,1595000,Fritidsbolig,3,40,
Lyngageren 6,,,898000,Fritidsbolig,4,72,
"Egevej 27, Høve, 4550 Asnæs",4550,Asnæs,1395000,Fritidsbolig,5,108,
"Fjorddalen 9, Hjarbæk",,Hjarbæk,2045000,Fritidsbolig,4,102,
"Siriusvej 6, Vejlby Fed, 5500 Middelfart",5500,Middelfart,1995000,Fritidsbolig,4,74,
"Karlelunden 15, 4900 Nakskov",4900,Nakskov,375000,Villa,3,103,
"Hvidtjørnevej 3, Maglehøj, 4983 Dannemare",4983,Dannemare,735000,Fritidsbolig,3,33,
"Risengen 9, Bjerge Sydstrand, 4480 Store Fuglede",4480,Store Fuglede,1295000,Fritidsbolig,3,69,
"Thorsvej 7, Hønsinge L, 4560 Vig",4560,Vig,1495000,Fritidsbolig,3,83,
"Fyrreleddet 1, Dalby Strand, 4281 Gørlev",4281,Gørlev,1195000,Villa,5,125,
"Lindelsevej 14, 4912 Harpelunde",4912,Harpelunde,295000,Villa,2,120,
"Åbenhusvej 1, Fjellerup Strand, 8585 Glesborg",8585,Glesborg,1295000,Fritidsbolig,3,62,
"Moseholmen 8, Svallerup, 4400 Kalundborg",4400,Kalundborg,1595000,Fritidsbolig,3,85,
"Gaffelbjergvej 34, Husby, 6990 Ulfborg",6990,Ulfborg,1795000,Fritidsbolig,5,95,
"Lerbakken 5, Skødshoved Strand",,Skødshoved Strand,2750000,Fritidsbolig,4,123,
"Aalumvej 34A, Agger",,Agger,4950000,Fritidsbolig,4,132,58.0
Sommervej 25,,,690000,Fritidsbolig,3,52,
"Solsikkestien 48, 2610 Rødovre",2610,Rødovre,1350000,Fritidsbolig,2,48,
"Havstien 74, Søndervig, 6950 Ringkøbing",6950,Ringkøbing,2745000,Fritidsbolig,5,110,
"Kramnitzevej 176, Kramnitze, 4970 Rødby",4970,Rødby,795000,Fritidsbolig,3,59,
"Havevej 10, 7900 Nykøbing M",7900,Nykøbing M,895000,Fritidsbolig,1,35,
"Strandskadevej 65, Store Sjørup, 8950 Ørsted",8950,Ørsted,750000,Fritidsbolig,5,91,
"Kulmulevej 8, Lyngså, 9300 Sæby",9300,Sæby,1695000,Fritidsbolig,5,92,
"Bjerrelide 6, Bjerre",,Bjerre,1495000,Fritidsbolig,5,163,
"Havbjerge 15, Husby, 6990 Ulfborg",6990,Ulfborg,1525000,Fritidsbolig,3,68,
"Basevej 39, 4913 Horslunde",4913,Horslunde,1195000,Villa,10,281,
"Fjordvej 4, Mosebølle, 4640 Faxe",4640,Faxe,1295000,Fritidsbolig,3,62,
"Redningsvejen Nord 68, Hvorup Klit, 9480 Løkken",9480,Løkken,1425000,Fritidsbolig,3,52,
"Mimersvej 7, Drøsselbjerg, 4200 Slagelse",4200,Slagelse,4000000,Fritidsbolig,3,73,
"Hoelgårdvej 24, 6100 Haderslev",6100,Haderslev,2545000,Fritidsbolig,5,116,
"Kjærgaardvej 43, Husby, 6990 Ulfborg",6990,Ulfborg,1975000,Fritidsbolig,7,172,
"Dr Mølle Strandvej 568S, 3120 Dronningmølle",3120,Dronningmølle,1950000,Fritidsbolig,3,43,
"Langholmvænget 26, Langholm, 4983 Dannemare",4983,Dannemare,975000,Fritidsbolig,4,80,
"Engvangen 27, Høve, 4550 Asnæs",4550,Asnæs,1195000,Fritidsbolig,3,72,
"Hovborgvej 34S, Tofterup  Hytte nr. 35",,,485000,Fritidsbolig,2,35,
Pumavej 1,,,1098000,Fritidsbolig,3,90,
"Nybyvej 11, Rindby Strand, 6720 Fanø",6720,Fanø,3395000,Fritidsbolig,6,173,
"Redningsvejen 47, Nymindegab, 6830 Nørre Nebel",6830,Nørre Nebel,3295000,Fritidsbolig,6,79,
"Vinkelbæk 16, Lavensby Mark",,Lavensby Mark,1600000,Fritidsbolig,4,82,
"Strandskadevej 40, Store Sjørup, 8950 Ørsted",8950,Ørsted,1895000,Fritidsbolig,4,123,
"Strandvejen 52, st. 73, Fanø Bad, 6720 Fanø",6720,Fanø,525000,Fritidsbolig,2,48,
"Modinsvej Vest 16, Bjerge Sydstrand, 4480 Store Fuglede",4480,Store Fuglede,2995000,Fritidsbolig,2,27,
"Nestorvej 1, 9370 Hals",9370,Hals,2390000,Fritidsbolig,5,119,
"Asbo 7, As Vig",,As Vig,3995000,Fritidsbolig,4,72,
"Strandvejen 52, 1. 57, Fanø Bad, 6720 Fanø",6720,Fanø,525000,Fritidsbolig,2,39,
"Hedestien 3, Sillerslev, 7990 Øster Assels",7990,Øster Assels,875000,Fritidsbolig,4,89,
"Kulhusgårdsvej 20, Kulhuse, 3630 Jægerspris",3630,Jægerspris,1395000,Fritidsbolig,3,77,
"Spiræavej 25, Skødshoved Strand",,Skødshoved Strand,2495000,Fritidsbolig,4,86,
"Rylevej 1, Gundestrup, 4571 Grevinge",4571,Grevinge,495000,Fritidsbolig,3,40,
"Digestien 146L, 4970 Rødby",4970,Rødby,1800000,Fritidsbolig,4,103,
"Harestien 6, 6857 Blåvand",6857,Blåvand,3800000,Fritidsbolig,4,109,
"Egevang 3, Lumsås, 4500 Nykøbing Sj",4500,Nykøbing Sj,1450000,Fritidsbolig,3,71,
"Golfsvinget 40, 6200 Aabenraa",6200,Aabenraa,1395000,Fritidsbolig,4,103,
"Vidjeparken 90, Helberskov, 9560 Hadsund",9560,Hadsund,695000,Fritidsbolig,3,48,
"Hummingen Strandvej 47, Hummingen, 4983 Dannemare",4983,Dannemare,785000,Fritidsbolig,2,48,
"Rævlingevej 2, Reersø Ornum, 4281 Gørlev",4281,Gørlev,1095000,Fritidsbolig,3,53,
"Vejby Strandvej 1, 3210 Vejby",3210,Vejby,6495000,Fritidsbolig,4,129,
"Borgsvej 2, Sjelborg, 6710 Esbjerg V",6710,Esbjerg V,2648000,Fritidsbolig,2,54,
"Lyngevej 17, 14, 8420 Knebel",8420,Knebel,498000,Fritidsbolig,3,61,
"Tjørnelunden 15, Bjerge Str, 4480 Store Fuglede",4480,Store Fuglede,1695000,Fritidsbolig,4,79,
"Strandparksvej 74, Saksild Str, 8300 Odder",8300,Odder,2150000,Fritidsbolig,5,60,
"Stavildvej 59D, Lynderup",,Lynderup,1095000,Fritidsbolig,4,70,
"Danvej 30, 2740 Skovlunde",2740,Skovlunde,1750000,Fritidsbolig,3,50,
"Tirsdagsengen 62, 3400 Hillerød",3400,Hillerød,1655000,Fritidsbolig,2,65,
"Pilestien 304A, 4970 Rødby",4970,Rødby,1325000,Fritidsbolig,4,69,
"Lyngsbækvej 18, Lyngsbæk Strand",,Lyngsbæk Strand,2995000,Fritidsbolig,5,152,
"Privatvej 31A, Asserbo, 3300 Frederiksværk",3300,Frederiksværk,7995000,Fritidsbolig,4,149,
"Strandskadevej 11, Store Sjørup, 8950 Ørsted",8950,Ørsted,1235000,Fritidsbolig,4,120,
"Pilestien 234, 7190 Billund",7190,Billund,1765000,Fritidsbolig,3,72,
"Solsortevej 10, Kettingskov, 6440 Augustenborg",6440,Augustenborg,545000,Fritidsbolig,3,52,
"Plantagevej 10, 4400 Kalundborg",4400,Kalundborg,1495000,Fritidsbolig,2,33,
"Møllehusvej 49, 6857 Blåvand",6857,Blåvand,2848000,Fritidsbolig,4,83,
"Golfsvinget 298, Gatten, 9640 Farsø",9640,Farsø,1495000,Fritidsbolig,3,66,
"Karen Brands Vej 169, 6960 Hvide Sande",6960,Hvide Sande,1698000,Fritidsbolig,3,68,
"Holmevej 26, Bjerge Strand",,Bjerge Strand,1295000,Fritidsbolig,3,62,
"Nordvang 38, Øster Hurup",,Øster Hurup,1195000,Fritidsbolig,3,56,
"Feriebyen 5, 3250 Gilleleje",3250,Gilleleje,3700000,Fritidsbolig,4,98,
"Langs Diget 13, 3220 Tisvildeleje",3220,Tisvildeleje,14550000,Fritidsbolig,5,147,68.0
"Oksevej 38, Bunken, 9982 Ålbæk",9982,Ålbæk,1895000,Fritidsbolig,4,88,
"Birkestien 137, 7190 Billund",7190,Billund,1920000,Fritidsbolig,4,82,
"Bjerges Leje 3, Sønderho, 6720 Fanø",6720,Fanø,1895000,Fritidsbolig,6,106,
"Fjorddalen 7, Hjarbæk",,Hjarbæk,2045000,Fritidsbolig,4,102,
"Frits Nielsens Vej 12, 3210 Vejby",3210,Vejby,2595000,Fritidsbolig,2,68,
"Kegnæsmose 14, Kegnæs",,Kegnæs,950000,Fritidsbolig,3,67,
"Helsingevej 89, 3300 Frederiksværk",3300,Frederiksværk,5986000,Fritidsbolig,2,52,52.0
"Gåsehagevej 1E, Øer Strand",,Øer Strand,1998000,Fritidsbolig,5,124,
"Lyngstien 10, 9982 Ålbæk",9982,Ålbæk,1995000,Fritidsbolig,5,101,
"Gyvelvej 15, Tversted, 9881 Bindslev",9881,Bindslev,1195000,Fritidsbolig,3,70,
"Bjerregårdsvej 10, Bjerregaard, 6960 Hvide Sande",6960,Hvide Sande,1650000,Fritidsbolig,4,108,
"Strandagervej 7, 3250 Gilleleje",3250,Gilleleje,4950000,Fritidsbolig,4,108,
"Bramsensgårdvej 32, 6100 Haderslev",6100,Haderslev,2745000,Fritidsbolig,5,143,
"Hejrevej 75, 4760 Vordingborg",4760,Vordingborg,1195000,Fritidsbolig,4,96,
"Klæbjergvej 8, Esby",,Esby,2175000,Fritidsbolig,3,100,
"Mindevej 20, Dalby Strand, 4281 Gørlev",4281,Gørlev,349000,Fritidsbolig,3,27,
"Baroniet 19, 3100 Hornbæk",3100,Hornbæk,4900000,Fritidsbolig,4,64,
"Forårsvej 8, Skal Klit, 9800 Hjørring",9800,Hjørring,1375000,Fritidsbolig,3,47,
"Blåbærvej 5, Skaven",,Skaven,1975000,Fritidsbolig,4,117,
"Dyremosevej 1, 3370 Melby",3370,Melby,2395000,Fritidsbolig,4,99,
"Arvidvej 148, Bjerregaard, 6960 Hvide Sande",6960,Hvide Sande,3198000,Fritidsbolig,5,120,
"Lyngevej 17, 3, 8420 Knebel",8420,Knebel,575000,Fritidsbolig,3,61,
"Fiskenæsvej 2, 1. 3, 6300 Gråsten",6300,Gråsten,1725000,Fritidsbolig,2,60,
Hejsager Strandby 20,,,4495000,Fritidsbolig,3,80,
"Disneyvej 7, Klint Str V, 4500 Nykøbing Sj",4500,Nykøbing Sj,2495000,Fritidsbolig,3,67,
"Engledet 6, 3250 Gilleleje",3250,Gilleleje,2995000,Fritidsbolig,3,121,
"Petitvej 4, 4500 Nykøbing Sj",4500,Nykøbing Sj,1985000,Fritidsbolig,5,81,
"Askø Strandvig 245, 4942 Askø",4942,Askø,769000,Fritidsbolig,4,56,
"Strandvejen 61A, st. 107., Fanø Bad",,Fanø Bad,1295000,Fritidsbolig,2,44,
"Aarrildsøvej 21, 6853 Vejers Strand",6853,Vejers Strand,1995000,Fritidsbolig,3,80,
"Dværgstien 1, Kårup, 4540 Fårevejle",4540,Fårevejle,1995000,Fritidsbolig,3,35,
"Assegårdsvej 19, 3100 Hornbæk",3100,Hornbæk,4995000,Fritidsbolig,3,106,
"Kallesensvej 4, 6857 Blåvand",6857,Blåvand,4850000,Fritidsbolig,5,184,
"Østre Strand 21, Kobæk, 4230 Skælskør",4230,Skælskør,3995000,Fritidsbolig,4,122,
"Ternevej 50, Store Sjørup, 8950 Ørsted",8950,Ørsted,1250000,Fritidsbolig,4,76,
"Golfsvinget 4, Gatten, 9640 Farsø",9640,Farsø,1445000,Fritidsbolig,3,77,
"Brøndsholmvej 14, Rågeleje, 3210 Vejby",3210,Vejby,2545000,Fritidsbolig,4,104,
"Langholmparken 2, 4983 Dannemare",4983,Dannemare,580000,Fritidsbolig,3,110,
"Kronvildtvej 136, Krogen, 9460 Brovst",9460,Brovst,1195000,Fritidsbolig,4,90,
"Rørsangervej 36, Lodbj Hede, 6950 Ringkøbing",6950,Ringkøbing,2798000,Fritidsbolig,5,120,
"Nygårdsvej 10, Kaldred, 4593 Eskebjerg",4593,Eskebjerg,865000,Fritidsbolig,3,60,
"Sandlyngen 27, 3300 Frederiksværk",3300,Frederiksværk,2785000,Fritidsbolig,6,142,
"Bjergbovej 16, 6857 Blåvand",6857,Blåvand,3250000,Fritidsbolig,4,146,
"Mellemgaden 11, Nordby, 6720 Fanø",6720,Fanø,1600000,Fritidsbolig,2,41,
"Klintebjergvej 43, Klint, 4500 Nykøbing Sj",4500,Nykøbing Sj,5995000,Fritidsbolig,4,79,
"Månedalsvej 2, Tversted, 9881 Bindslev",9881,Bindslev,1645000,Fritidsbolig,4,77,
"P Snejkers Vej 23, Søndervig, 6950 Ringkøbing",6950,Ringkøbing,2298000,Fritidsbolig,5,149,
"Bækvej 6, Hasmark Strand, 5450 Otterup",5450,Otterup,1385000,Fritidsbolig,3,58,
"Frede Juels Vej 218, Sønderby, 7130 Juelsminde",7130,Juelsminde,2195000,Fritidsbolig,4,71,
"Hf. Sønderbro 41, 2791 Dragør",2791,Dragør,1195000,Fritidsbolig,3,48,
"Helligsøvej 12B, Draget",,Draget,1795000,Fritidsbolig,4,94,
"Astrup Vig 112, Astrup Vig, 7870 Roslev",7870,Roslev,1075000,Fritidsbolig,5,121,
"Hf. Maglebylund 167, 2791 Dragør",2791,Dragør,1495000,Fritidsbolig,4,48,
"Sandkrogen 14, Virksund",,Virksund,1495000,Fritidsbolig,3,70,
"Slettevej 7, 4180 Sorø",4180,Sorø,895000,Fritidsbolig,3,60,
"Slettevej 11, Rågeleje, 3210 Vejby",3210,Vejby,3250000,Fritidsbolig,4,63,
"Sandtag 32, Lønne, 6830 Nørre Nebel",6830,Nørre Nebel,1295000,Fritidsbolig,4,76,
"Agger Havn Feriecenter 89, Agger",,Agger,775000,Fritidsbolig,4,57,
"Golfsvinget 217, Gatten, 9640 Farsø",9640,Farsø,1495000,Fritidsbolig,3,66,
"Sandlodvej 7, 3250 Gilleleje",3250,Gilleleje,2995000,Fritidsbolig,4,68,
"Drejøvej 14, Bønnerup Strand, 8585 Glesborg",8585,Glesborg,825000,Fritidsbolig,2,45,
"Stenmosevej 5, Høve, 4550 Asnæs",4550,Asnæs,1795000,Fritidsbolig,5,126,
"Hylde-Ager 9, Smidstrup, 3250 Gilleleje",3250,Gilleleje,1795000,Fritidsbolig,4,61,
"Bækrenden 1, Lønstrup, 9800 Hjørring",9800,Hjørring,3995000,Fritidsbolig,4,100,
Tirsdagsengen 21,,,1435000,Fritidsbolig,2,50,
"Tredie Tangvej 6, 3100 Hornbæk",3100,Hornbæk,19800000,Fritidsbolig,8,224,
"Sortebærdalen 23, Houvig, 6950 Ringkøbing",6950,Ringkøbing,2695000,Fritidsbolig,6,120,
"Pilehavevej 9, Yderby Lyng, 4583 Sjællands Odde",4583,Sjællands Odde,2195000,Fritidsbolig,4,100,
Øerkrogvejen 2 119 &121,,,2995000,Fritidsbolig,7,114,
"Piledybet 59, Hesselbjerg, 5932 Humble",5932,Humble,1995000,Fritidsbolig,4,59,
"Lille Stege 16, Dyreborg, 5600 Faaborg",5600,Faaborg,5995000,Fritidsbolig,4,128,
"Stangevej 15, Østerlars, 3760 Gudhjem",3760,Gudhjem,2995000,Fritidsbolig,3,161,
"Yasmin-Rose Stien 63, Ejby, 2600 Glostrup",2600,Glostrup,1995000,Fritidsbolig,3,63,
"Eskelundsvej 16, 5466 Asperup",5466,Asperup,3295000,Fritidsbolig,5,102,
"Engdraget 10, Lyby Strand, 7870 Roslev",7870,Roslev,2395000,Fritidsbolig,4,98,
"Golfbanevej 310L, 4970 Rødby",4970,Rødby,1900000,Fritidsbolig,4,104,
"Lyngstien 57, Klitmøller, 7700 Thisted",7700,Thisted,2385000,Fritidsbolig,5,120,
"Mågevej 15, Store Sjørup, 8950 Ørsted",8950,Ørsted,995000,Fritidsbolig,2,83,
"Vestre Strandvej 47, Brønde, 4305 Orø",4305,Orø,2250000,Fritidsbolig,1,47,
"Klejs Skovvej 13, Klejs",,Klejs,725000,Fritidsbolig,2,55,
"Kliren 9, Langdal, 6792 Rømø",6792,Rømø,1895000,Fritidsbolig,4,110,
"Skovsangervej 8, Fuglsø",,Fuglsø,3499000,Fritidsbolig,4,93,
"Kalkvej 1, Vormark, 5874 Hesselager",5874,Hesselager,1499000,Villa,6,185,
"Stub-Åsen 3, Rågeleje, 3210 Vejby",3210,Vejby,1595000,Fritidsbolig,2,59,
"Stærevænget 35, Vellerup, 4050 Skibby",4050,Skibby,1395000,Fritidsbolig,2,62,
"Vandflodvej 10B, 6857 Blåvand",6857,Blåvand,7895000,Fritidsbolig,6,215,
"Rosningvej 119, 4953 Vesterborg",4953,Vesterborg,1095000,Villa,5,138,
"Vorbækvej 18, Saksild Str, 8300 Odder",8300,Odder,1695000,Fritidsbolig,3,64,
"Strandvejen 61C, st. 112, Fanø Bad, 6720 Fanø",6720,Fanø,1098000,Fritidsbolig,2,44,
"Hasselvang 8, Østrup, 3670 Veksø Sjælland",3670,Veksø Sjælland,2795000,Fritidsbolig,4,125,
"Hvidbjergvej 71, Søndervig, 6950 Ringkøbing",6950,Ringkøbing,2398000,Fritidsbolig,3,45,
"Store Agre 22, 4245 Omø",4245,Omø,1195000,Fritidsbolig,4,72,
"Porsdam 12, 2650 Hvidovre",2650,Hvidovre,1795000,Fritidsbolig,1,24,
"Ledgårdsvej 25, 3100 Hornbæk",3100,Hornbæk,7800000,Fritidsbolig,6,148,
"Havebyen 9, 4900 Nakskov",4900,Nakskov,485000,Villa,3,109,
"Rødhalsevej 18, Ll Kongsmark, 4200 Slagelse",4200,Slagelse,1650000,Fritidsbolig,4,90,
"Klint Strandvej 78, st. th, Nyrup, 4500 Nykøbing Sj",4500,Nykøbing Sj,1750000,Fritidsbolig,3,100,
"Fuglevænget 4, Bisserup, 4243 Rude",4243,Rude,2995000,Fritidsbolig,3,70,
"Stenlodsvej 5, Bjerge Sydstrand, 4480 Store Fuglede",4480,Store Fuglede,1395000,Fritidsbolig,3,56,
"Kaninstien 56, 4873 Væggerløse",4873,Væggerløse,2650000,Fritidsbolig,5,135,
"Revlen 16, Bratten, 9981 Jerup",9981,Jerup,1895000,Fritidsbolig,5,144,
"Siriusvej 6, 3100 Hornbæk",3100,Hornbæk,3295000,Fritidsbolig,4,72,
"Strandvejen 52, 2. 76, Fanø Bad, 6720 Fanø",6720,Fanø,645000,Fritidsbolig,2,50,
"Hummervej 10, Egsmark Strand",,Egsmark Strand,2895000,Fritidsbolig,3,50,
"Østervej 35, 8592 Anholt",8592,Anholt,2595000,Fritidsbolig,3,67,
"Hejrevej 22, Store Sjørup",,Store Sjørup,1345000,Fritidsbolig,5,118,
"Øreflippen 7B, Øer Strand",,Øer Strand,2895000,Fritidsbolig,6,147,
"Langåsen 6, Rødkilde, 3250 Gilleleje",3250,Gilleleje,4995000,Fritidsbolig,4,126,
"Plantagevej 9, Kulhuse, 3630 Jægerspris",3630,Jægerspris,1395000,Fritidsbolig,4,70,
"Pindalsvej 9, 4550 Asnæs",4550,Asnæs,1195000,Fritidsbolig,4,65,
"Brinkholmvej 21, Strøby Egede, 4600 Køge",4600,Køge,2245000,Fritidsbolig,4,80,
"Stjernebakken 12, Veddinge Bk, 4540 Fårevejle",4540,Fårevejle,9995000,Villa,13,290,76.0
"Strandvænget 6, Saksild Str, 8300 Odder",8300,Odder,3595000,Fritidsbolig,6,143,
"Strandengen 18, Kulhuse, 3630 Jægerspris",3630,Jægerspris,1645000,Fritidsbolig,3,77,
"Koralvej 17, Hou, 9370 Hals",9370,Hals,2100000,Fritidsbolig,4,96,
"Fasanvænget 5, Over Draaby Strand, 3630 Jægerspris",3630,Jægerspris,1475000,Fritidsbolig,2,105,
"P S Carlsvej 22, Kromose, 6792 Rømø",6792,Rømø,1995000,Fritidsbolig,4,67,
"Strandskadevej 26, 4760 Vordingborg",4760,Vordingborg,1995000,Fritidsbolig,3,80,
"S. Jonassens Vej 32, Egsmark Strand",,Egsmark Strand,2595000,Fritidsbolig,4,97,
"Digevej 15, Kulhuse, 3630 Jægerspris",3630,Jægerspris,1225000,Fritidsbolig,3,57,
"Musvågevej 3, Fuglsø",,Fuglsø,3495000,Fritidsbolig,4,85,
"Lille Strandvej 22, 6857 Blåvand",6857,Blåvand,6750000,Fritidsbolig,4,93,
"Hjadstrupvej 10, Hjadstrup, 5450 Otterup",5450,Otterup,595000,Villa,6,105,
"Øgavl 203, Thurø, 5700 Svendborg",5700,Svendborg,3195000,Fritidsbolig,3,40,
"Lupinvej 93, 4873 Væggerløse",4873,Væggerløse,1295000,Fritidsbolig,4,93,
"Skovduevej 7, Saksild Str, 8300 Odder",8300,Odder,3495000,Fritidsbolig,4,74,
"Gl Dykjær 8, 7130 Juelsminde",7130,Juelsminde,5450000,Fritidsbolig,9,258,
"Vestergade 13, 5600 Faaborg",5600,Faaborg,2395000,Rækkehus,5,175,
"Sitkastien 5, Øster Hurup, 9560 Hadsund",9560,Hadsund,2895000,Fritidsbolig,7,133,
"Fjorddalen 6, Hjarbæk",,Hjarbæk,1875000,Fritidsbolig,4,85,
"Skovtoften 28, 3790 Hasle",3790,Hasle,2500000,Fritidsbolig,4,83,
"Gedser Feriepark 32, 4874 Gedser",4874,Gedser,499000,Fritidsbolig,3,42,
"Edenvej 3, Horneby Fælled, 3100 Hornbæk",3100,Hornbæk,7800000,Fritidsbolig,3,135,
"Haslevgårde Eng 21, Als, 9560 Hadsund",9560,Hadsund,1698000,Fritidsbolig,4,82,
"Skandsen 68, 4900 Nakskov",4900,Nakskov,745000,Villa,3,106,4.0
"Nybyvej 7, Rindby Strand, 6720 Fanø",6720,Fanø,1598000,Fritidsbolig,3,62,
"Hybenvænget 6, Fjellerup Strand, 8585 Glesborg",8585,Glesborg,1798000,Fritidsbolig,5,90,
"Merkurvej 67, 9370 Hals",9370,Hals,3100000,Fritidsbolig,3,125,
"Hejrevej 25, Store Sjørup, 8950 Ørsted",8950,Ørsted,1095000,Fritidsbolig,3,71,
"Vinterlejevej 21, Haurvig, 6960 Hvide Sande",6960,Hvide Sande,1040000,Fritidsbolig,4,72,
"Bakkevej 14, Jegindø",,Jegindø,1925000,Fritidsbolig,4,72,
"Store Agre 12, 4245 Omø",4245,Omø,2495000,Fritidsbolig,5,86,
"Nygårdstoft 9, Rindby Strand, 6720 Fanø",6720,Fanø,1895000,Fritidsbolig,4,74,
"Haslevgaarde Bakker 25, Haslevgaarde, 9560 Hadsund",9560,Hadsund,799000,Fritidsbolig,3,60,
"Havvej 18, Haurvig, 6960 Hvide Sande",6960,Hvide Sande,2765000,Fritidsbolig,4,93,
"Sandholmsvej 5 & 5A, Lyngsbæk",,Lyngsbæk,1595000,Fritidsbolig,4,64,
"Sommervej 1, Skal Klit, 9800 Hjørring",9800,Hjørring,2495000,Fritidsbolig,7,232,
"Vangeleds-Åsen 18, Rågeleje, 3210 Vejby",3210,Vejby,1849000,Fritidsbolig,3,69,
"Mollysvej 32, Trend, 9670 Løgstør",9670,Løgstør,780000,Fritidsbolig,3,65,
"Svinget 3, Mørkholt, 7080 Børkop",7080,Børkop,3295000,Fritidsbolig,3,58,
Kongevejen 124,,,1790000,Fritidsbolig,4,109,
"Strandvejen 61A, 2. 319, Fanø Bad, 6720 Fanø",6720,Fanø,1298000,Fritidsbolig,2,44,
"Havet 24A, 1. 207, Bønnerup Strand, 8585 Glesborg",8585,Glesborg,1598000,Fritidsbolig,3,108,
"Golfbanevej 302L, 4970 Rødby",4970,Rødby,1850000,Fritidsbolig,4,104,
"Ejerslev Lyng 24 m.fl., Ejerslev",,"m.fl., Ejerslev",895000,Fritidsbolig,3,75,30.0
"Birkelunden 10, Kisserup, 4300 Holbæk",4300,Holbæk,1545000,Fritidsbolig,3,96,
"Froidal 18, Toftum, 6792 Rømø",6792,Rømø,2395000,Fritidsbolig,6,148,
"Skovpibervej 12, Ll Kongsmark, 4200 Slagelse",4200,Slagelse,1065000,Fritidsbolig,3,55,
"Mathiesens Enghave 28, Kulhuse, 3630 Jægerspris",3630,Jægerspris,2995000,Fritidsbolig,3,81,
"Øreflippen 61, Øer Strand",,Øer Strand,3495000,Fritidsbolig,6,180,
"Villesensvej 17, Fjellerup Strand, 8585 Glesborg",8585,Glesborg,1498000,Fritidsbolig,6,146,
"Skov Sørens Vej 73, 9681 Ranum",9681,Ranum,2675000,Fritidsbolig,6,175,
"Rævevej 6, Tversted, 9881 Bindslev",9881,Bindslev,1995000,Fritidsbolig,6,130,
"Golfsvinget 5, Gatten, 9640 Farsø",9640,Farsø,1645000,Fritidsbolig,3,95,
"Kystvejen 179, Egsmark, 8400 Ebeltoft",8400,Ebeltoft,2995000,Fritidsbolig,3,90,
"Musvitvej 4, Kregme, 3300 Frederiksværk",3300,Frederiksværk,945000,Fritidsbolig,3,63,
"Bøhlørevej 2, Jegindø, 7790 Thyholm",7790,Thyholm,1295000,Fritidsbolig,4,72,
"Tuemosen 6, Rågeleje, 3210 Vejby",3210,Vejby,3495000,Fritidsbolig,4,102,
"Duetoften 7, Rindby Strand, 6720 Fanø",6720,Fanø,1995000,Fritidsbolig,4,78,
"Strandvejen 52, st. 2., Fanø Bad",,Fanø Bad,825000,Fritidsbolig,2,67,
"Golfvejen 2A, 1. 322., Fanø Bad",,Fanø Bad,980000,Fritidsbolig,2,49,
"Østersvej 17, Slettestrand, 9690 Fjerritslev",9690,Fjerritslev,1595000,Fritidsbolig,4,85,
"Strandmarksvejen 16, Poulsker, 3730 Nexø",3730,Nexø,1795000,Fritidsbolig,5,140,
"Møllehusvej 10, Valby, 4653 Karise",4653,Karise,845000,Fritidsbolig,4,105,
"Birkevangsvej 7, Kildekrog, 3100 Hornbæk",3100,Hornbæk,11900000,Fritidsbolig,5,159,
"Åhusene 6, Ejby, 4070 Kirke Hyllinge",4070,Kirke Hyllinge,1295000,Fritidsbolig,3,80,
"Pilealle 8, 4760 Vordingborg",4760,Vordingborg,1350000,Villa,4,92,8.0
"Lillebro 30, Lillebrohuse, 5450 Otterup",5450,Otterup,1095000,Villa,6,191,
"Rypevej 4, Øer, 8400 Ebeltoft",8400,Ebeltoft,1495000,Fritidsbolig,4,70,
"Hovborgvej 34D, Tofterup Hytte nr 41",,,425000,Fritidsbolig,3,35,
"Rønne Alle 17, Dragsmur",,Dragsmur,1875000,Fritidsbolig,3,75,
"Asynjevej 53, 2740 Skovlunde",2740,Skovlunde,1545000,Fritidsbolig,3,50,
"Strandvejen 52, st. 14, Fanø Bad, 6720 Fanø",6720,Fanø,795000,Fritidsbolig,2,68,
"Norges Fjelde 18, Fanø Bad, 6720 Fanø",6720,Fanø,2798000,Fritidsbolig,6,110,
"Desmervej 10, Vibæk Strand",,Vibæk Strand,1495000,Fritidsbolig,4,68,
"Marthasvej 5, Trend, 9670 Løgstør",9670,Løgstør,1350000,Fritidsbolig,4,79,
"Fiskerhusene 20, Bågø, 5610 Assens",5610,Assens,3500000,Fritidsbolig,6,148,9.0
"Skovtved 8, Ulsted, 7884 Fur",7884,Fur,2395000,Fritidsbolig,4,129,
"Solskinsvej 58, Vigsø",,Vigsø,685000,Fritidsbolig,3,61,
"Skrubbevej 1, Egsmark Strand",,Egsmark Strand,3250000,Fritidsbolig,3,75,
"Mejsevænget 1, 7130 Juelsminde",7130,Juelsminde,2995000,Fritidsbolig,3,90,
"Kongsmarkvej 204, 4200 Slagelse",4200,Slagelse,5798000,Fritidsbolig,4,103,
"Jørgen Mejers Vej 5, 8250 Egå",8250,Egå,4795000,Fritidsbolig,4,70,
"Storkevej 9, 3120 Dronningmølle",3120,Dronningmølle,2495000,Fritidsbolig,6,50,
"Jennysvej 23, Grønhøj, 9480 Løkken",9480,Løkken,2995000,Fritidsbolig,5,124,
"Hasidvej 2, Rindby Strand, 6720 Fanø",6720,Fanø,2150000,Fritidsbolig,4,61,
"Bragesalle 2, 4500 Nykøbing Sj",4500,Nykøbing Sj,2235000,Fritidsbolig,4,81,
"Lykkesholmvej 13, Nejede, 3400 Hillerød",3400,Hillerød,1495000,Fritidsbolig,4,76,
"Kirchheinersvej 60, 4500 Nykøbing Sj",4500,Nykøbing Sj,3200000,Fritidsbolig,3,65,
"Vibevej 20, 3100 Hornbæk",3100,Hornbæk,7985000,Fritidsbolig,8,140,
"Rødvej 11, Bursø, 4930 Maribo",4930,Maribo,795000,Fritidsbolig,2,63,
"Tangvej 41, Store Sjørup",,Store Sjørup,995000,Fritidsbolig,4,117,
"Mylius Erichsensvej 15, Kongsmark, 6792 Rømø",6792,Rømø,2650000,Fritidsbolig,9,205,
"Tagensvej 6, Sillerslev, 7990 Øster Assels",7990,Øster Assels,895000,Fritidsbolig,3,50,
"Myntevej 33, Tørring, 7620 Lemvig",7620,Lemvig,995000,Fritidsbolig,4,65,
"Kræ Degns Vej 61, Klegod, 6950 Ringkøbing",6950,Ringkøbing,4995000,Fritidsbolig,5,200,
"Egemosegårdsvej 9, Atterup, 4571 Grevinge",4571,Grevinge,495000,Fritidsbolig,2,48,
"Dueodde Feriepark 22, 3730 Nexø",3730,Nexø,425000,Fritidsbolig,1,27,
"Fagsted 9, Korinth, 5600 Faaborg",5600,Faaborg,995000,Villa,4,129,
"Krikvænge 30, Agger",,Agger,625000,Fritidsbolig,2,41,
"Solvejen 30, Lammefjorden, 4571 Grevinge",4571,Grevinge,595000,Fritidsbolig,2,41,
"Møllegårdsvej 6, 3210 Vejby",3210,Vejby,7895000,Fritidsbolig,4,167,
"Viktoriavej 13, Vejlby, 7673 Harboøre",7673,Harboøre,1995000,Fritidsbolig,5,122,
"Fjand Strand 3, 6990 Ulfborg",6990,Ulfborg,1150000,Fritidsbolig,4,87,
Hf. Dahlia 14,,,795000,Fritidsbolig,3,32,
"Øreflippen 49, Øer Strand",,Øer Strand,1595000,Fritidsbolig,4,82,
"Fyrmarken 215, Nr Lyngvig, 6960 Hvide Sande",6960,Hvide Sande,2198000,Fritidsbolig,5,133,
"Baunebjergvej 32, Haurvig, 6960 Hvide Sande",6960,Hvide Sande,1575000,Fritidsbolig,4,67,
"Møllestien 5, Femmøller Strand",,Femmøller Strand,5250000,Fritidsbolig,5,132,
"Golfstien 124B, 4970 Rødby",4970,Rødby,1365000,Fritidsbolig,4,69,
"Bjergehusvej 2, Vejlby Klit",,Vejlby Klit,795000,Fritidsbolig,3,52,
"Strandvejen 52, st. 55., Fanø Bad",,Fanø Bad,395000,Fritidsbolig,2,39,
"Strandparken 27, 6857 Blåvand",6857,Blåvand,6995000,Fritidsbolig,5,108,
"Nordre Strandvej 391, 3100 Hornbæk",3100,Hornbæk,6500000,Fritidsbolig,4,106,4.0
"Remmerstrandvej 111, Remmerstrand, 7620 Lemvig",7620,Lemvig,1195000,Villa,5,172,
"Østervangen 3, Ølsted Nordstrand, 3310 Ølsted",3310,Ølsted,1295000,Fritidsbolig,3,50,
"Strandgården 39, 9300 Sæby",9300,Sæby,2798000,Fritidsbolig,5,96,
"Rønne Alle 1, 3210 Vejby",3210,Vejby,3175000,Fritidsbolig,6,137,
"Perikumvej 27, Slettestrand",,Slettestrand,1870000,Fritidsbolig,3,100,
"Tokkerengen 10, Kisserup, 4300 Holbæk",4300,Holbæk,795000,Fritidsbolig,2,91,
"Græsholmen 15, 2650 Hvidovre",2650,Hvidovre,2295000,Fritidsbolig,3,57,
"Steenbeks-Ager 23, Smidstrup, 3250 Gilleleje",3250,Gilleleje,1995000,Fritidsbolig,3,58,
"Osvejen 130, Bjerge Sydstrand, 4281 Gørlev",4281,Gørlev,1395000,Fritidsbolig,4,92,10.0
"Engledet 3, 3250 Gilleleje",3250,Gilleleje,3300000,Fritidsbolig,3,62,
"Agger Havn Feriecenter 40, Agger, 7770 Vestervig",7770,Vestervig,745000,Fritidsbolig,4,60,
"Golfsvinget 147, Gatten, 9640 Farsø",9640,Farsø,1595000,Fritidsbolig,4,92,
"Indemarken 26, Skal Klit, 9800 Hjørring",9800,Hjørring,1995000,Fritidsbolig,6,120,
"Fenrisvej 9, Melby Enghave, 3370 Melby",3370,Melby,2145000,Fritidsbolig,6,156,
"Petersvej 6, Lyngså, 9300 Sæby",9300,Sæby,1898000,Fritidsbolig,3,89,
"Kongevejen 22, 9370 Hals",9370,Hals,998000,Fritidsbolig,3,76,
"Akelejevej 276, Nørhede, 6990 Ulfborg",6990,Ulfborg,695000,Fritidsbolig,4,95,
"Havvænge 45, Agger",,Agger,645000,Fritidsbolig,2,44,
"Udbyhøjvej 597, Knejsted, 8970 Havndal",8970,Havndal,995000,Fritidsbolig,2,74,
"Digestien 143L, 4970 Rødby",4970,Rødby,1890000,Fritidsbolig,4,103,
"Kambregnen 18, Kyndeløse, 4070 Kirke Hyllinge",4070,Kirke Hyllinge,945000,Fritidsbolig,3,55,
"Hyrdevænget 22,",,,3475000,Fritidsbolig,4,110,
"Sandvejen 15, Asdal, 9850 Hirtshals",9850,Hirtshals,1445000,Fritidsbolig,4,76,
"Gåsehagevej 10A, Øer Strand",,Øer Strand,6500000,Fritidsbolig,5,126,
"Osbornsvej 37, 9370 Hals",9370,Hals,1795000,Fritidsbolig,4,102,
"Landevejen 56, Sønderho",,Sønderho,2148000,Fritidsbolig,4,80,
"Klintevej 9, Gjellerodde, 7620 Lemvig",7620,Lemvig,1495000,Fritidsbolig,3,84,
"Hejsager Strandby 75, 6100 Haderslev",6100,Haderslev,3795000,Fritidsbolig,3,98,
"Fjorddalen 24, 6000 Kolding",6000,Kolding,2195000,Fritidsbolig,2,50,
"Sivvænget 49, Stauning, 6900 Skjern",6900,Skjern,1045000,Fritidsbolig,3,69,
"Karensvej 8, Trend, 9670 Løgstør",9670,Løgstør,1400000,Fritidsbolig,5,111,
"Engbakken 13, Skuldelev, 4050 Skibby",4050,Skibby,920000,Fritidsbolig,2,70,
"P.Baatrupsvej 25, Kysing Næs, 8300 Odder",8300,Odder,6995000,Fritidsbolig,3,162,60.0
"Støberivej 5, Balka, 3730 Nexø",3730,Nexø,1295000,Fritidsbolig,4,77,
"Hvedevej 1, 4874 Gedser",4874,Gedser,1295000,Fritidsbolig,4,76,
"Blakshaven 12, Ahl Strand",,Ahl Strand,2198000,Fritidsbolig,5,83,
"Helmvej 6, Rindby Strand, 6720 Fanø",6720,Fanø,2950000,Fritidsbolig,5,120,
"Folehaven 8, Karrebæk",,Karrebæk,2245000,Fritidsbolig,3,95,
"Milevej 8, Klegod, 6950 Ringkøbing",6950,Ringkøbing,2998000,Fritidsbolig,4,119,
"Pindskrog 13, Snave, 5683 Haarby",5683,Haarby,2395000,Villa,6,167,
"Horns Bjerge 54, 6857 Blåvand",6857,Blåvand,5295000,Fritidsbolig,8,188,
"Fasanvej 32, Hesselbjerg, 5932 Humble",5932,Humble,2395000,Fritidsbolig,5,118,
"Hybenvej 11, Stauning, 6900 Skjern",6900,Skjern,875000,Fritidsbolig,4,82,
"Sølvgranen 13, Ulvshale, 4780 Stege",4780,Stege,1295000,Fritidsbolig,4,60,
"Telegrafvej 2, 4581 Rørvig",4581,Rørvig,6900000,Fritidsbolig,5,143,30.0
"Golfstien 121B, 4970 Rødby",4970,Rødby,1225000,Fritidsbolig,4,66,
"Kandestedvej 85, Hulsig, 9990 Skagen",9990,Skagen,1150000,Fritidsbolig,4,95,
"Granstien 50, 8250 Egå",8250,Egå,3695000,Fritidsbolig,4,97,
"Soløjevej 10, 4873 Væggerløse",4873,Væggerløse,1045000,Fritidsbolig,3,46,
"Indemarken 28, Skal Klit, 9800 Hjørring",9800,Hjørring,1495000,Fritidsbolig,4,75,
"Over Stranden 1, Lystrup Strand, 8961 Allingåbro",8961,Allingåbro,3495000,Fritidsbolig,4,94,
"Ved Skoven 8, Fanø Bad, 6720 Fanø",6720,Fanø,2745000,Fritidsbolig,4,86,
Strandstien 124 og 126 Strib,,Strib,3495000,Fritidsbolig,3,62,
"Asynjevej 25, 2740 Skovlunde",2740,Skovlunde,1550000,Fritidsbolig,2,50,
"Nørballevej 35, Ho, 6857 Blåvand",6857,Blåvand,1795000,Fritidsbolig,3,96,
"Bygaden 24, 8592 Anholt",8592,Anholt,2595000,Fritidsbolig,4,140,
"Krageholmsvej 70, Enø, 4736 Karrebæksminde",4736,Karrebæksminde,2095000,Fritidsbolig,4,74,
"Hejrevej 10, Store Sjørup, 8950 Ørsted",8950,Ørsted,925000,Fritidsbolig,4,76,
"Strandvejen 61C, 1. 205, Fanø Bad, 6720 Fanø",6720,Fanø,1165000,Fritidsbolig,2,44,
"Søndervænget 11A, Rindby Strand, 6720 Fanø",6720,Fanø,2350000,Fritidsbolig,4,75,
"Limurtvej 3, 4760 Vordingborg",4760,Vordingborg,1995000,Fritidsbolig,5,116,
"Lilje-Rose Stien 19, Ejby, 2600 Glostrup",2600,Glostrup,2095000,Fritidsbolig,2,63,
"Fjordskovvej 19, Kulhuse, 3630 Jægerspris",3630,Jægerspris,1575000,Fritidsbolig,3,45,
"Jættevej 14, 2740 Skovlunde",2740,Skovlunde,1550000,Fritidsbolig,3,50,
"Ternevej 27, Store Sjørup, 8950 Ørsted",8950,Ørsted,1095000,Fritidsbolig,4,88,
"Poseregårdsvejen 19, Pedersker, 3720 Aakirkeby",3720,Aakirkeby,1795000,Fritidsbolig,4,83,
"Bork Hytteby 238, Sdr Bork, 6893 Hemmet",6893,Hemmet,795000,Fritidsbolig,2,50,
"Skovduevej 1,",,,2800000,Fritidsbolig,3,120,
"Strandvejen 52, st. 10., Fanø Bad",,Fanø Bad,799000,Fritidsbolig,2,68,
"Strandvejen 52, 1. 63, Fanø Bad, 6720 Fanø",6720,Fanø,525000,Fritidsbolig,2,39,
"Pilestien 252, 7190 Billund",7190,Billund,1795000,Fritidsbolig,3,72,
"Trohøjen 10, Smidstrup, 3250 Gilleleje",3250,Gilleleje,2195000,Fritidsbolig,4,79,
"Engagervej 21, Dyngby Strand, 8300 Odder",8300,Odder,3245000,Fritidsbolig,4,84,
"Fyrrevej 18, Skovgårde, 8961 Allingåbro",8961,Allingåbro,895000,Fritidsbolig,3,53,
"Møllehusvej 32A, 6857 Blåvand",6857,Blåvand,6500000,Fritidsbolig,7,213,
"Strandbyvej 42, Jørgensø Strand, 5450 Otterup",5450,Otterup,1195000,Fritidsbolig,3,43,
"Hasmarkvænget 12, Hasmark Strand, 5450 Otterup",5450,Otterup,1395000,Fritidsbolig,4,92,
"Thurøvej 28, Horne, 5600 Faaborg",5600,Faaborg,3195000,Fritidsbolig,4,107,
"Solvang 28, Lønne, 6830 Nørre Nebel",6830,Nørre Nebel,3295000,Fritidsbolig,6,146,
"Bjørnsknudevej 26D, 7130 Juelsminde",7130,Juelsminde,3595000,Fritidsbolig,3,100,
"Skovdalen 5, Udsholt, 3230 Græsted",3230,Græsted,1795000,Fritidsbolig,2,72,
"Sølvgranvej 13, 4873 Væggerløse",4873,Væggerløse,1295000,Fritidsbolig,4,59,
"Æblevej 69, 3770 Allinge",3770,Allinge,1145000,Fritidsbolig,3,47,
"Riskrogen 14, Bjerregaard, 6960 Hvide Sande",6960,Hvide Sande,2895000,Fritidsbolig,5,120,
"Stærevænget 30, Vellerup, 4050 Skibby",4050,Skibby,1795000,Fritidsbolig,4,70,
"Trent Jones Allé 5A, 8581 Nimtofte",8581,Nimtofte,2298000,Fritidsbolig,4,171,
"Sikavej 39, 3250 Gilleleje",3250,Gilleleje,1495000,Fritidsbolig,3,47,
"Multebærvej 49, Napstjert, 9981 Jerup",9981,Jerup,1195000,Fritidsbolig,3,67,
"Kranken 9, Tornby Strand",,Tornby Strand,3795000,Fritidsbolig,4,84,
"Fjellerup Bygade 1, Fjellerup, 8585 Glesborg",8585,Glesborg,1795000,Villa,6,170,
"Løvsangervej 16, 3120 Dronningmølle",3120,Dronningmølle,2095000,Fritidsbolig,4,71,
"Telefonvejen 18, Fjellerup Strand, 8585 Glesborg",8585,Glesborg,1098000,Fritidsbolig,4,52,
"Strandstien 729K, 4970 Rødby",4970,Rødby,770000,Fritidsbolig,2,47,
"Pilestien 227, 7190 Billund",7190,Billund,1895000,Fritidsbolig,4,82,
"Birkevej 111, Fuglslev, 8400 Ebeltoft",8400,Ebeltoft,1175000,Fritidsbolig,3,53,
"Gransangervænget 6, Skaven",,Skaven,1175000,Fritidsbolig,5,92,
"Spongsvej 36, Dyngby Strand, 8300 Odder",8300,Odder,1995000,Fritidsbolig,3,81,
"Bramsensgårdvej 18, 6100 Haderslev",6100,Haderslev,2999000,Fritidsbolig,6,150,
"Egelunden 29, Helberskov, 9560 Hadsund",9560,Hadsund,695000,Fritidsbolig,3,50,
"Skovkrogen 50, Skovkrogen, 5683 Haarby",5683,Haarby,2500000,Fritidsbolig,5,110,
"Præstekravevej 12, Følle, 8410 Rønde",8410,Rønde,2298000,Fritidsbolig,3,88,
"Kystvej 49, 3100 Hornbæk",3100,Hornbæk,37000000,Fritidsbolig,5,223,
"Søholmen 3, Klint, 4500 Nykøbing Sj",4500,Nykøbing Sj,995000,Fritidsbolig,4,96,
"Havklitvej 151, Klegod, 6950 Ringkøbing",6950,Ringkøbing,3698000,Fritidsbolig,4,114,
"Løjt Feriecenter 2 356, 6200 Aabenraa",6200,Aabenraa,1575000,Fritidsbolig,4,103,
"Løjtnantvænget 13, Spodsbjerg, 5900 Rudkøbing",5900,Rudkøbing,1895000,Fritidsbolig,4,114,
"Slyngelen 7, Hou",,Hou,1360000,Fritidsbolig,2,65,
"Sønderklit 8, Fanø Bad, 6720 Fanø",6720,Fanø,3198000,Fritidsbolig,5,89,60.0
"Atterupvej 1, 4640 Faxe",4640,Faxe,850000,Villa,3,75,
"Vinkelhaven 15, Hasmark Strand, 5450 Otterup",5450,Otterup,2275000,Fritidsbolig,4,106,
"Gransangervej 19, Lodbj Hede, 6950 Ringkøbing",6950,Ringkøbing,1198000,Fritidsbolig,4,65,
"Øgårdsvej 12, Horneby Fælled, 3100 Hornbæk",3100,Hornbæk,10800000,Fritidsbolig,5,174,
"Neerlandiavej 204, Vejlby, 7673 Harboøre",7673,Harboøre,1145000,Fritidsbolig,4,82,
"Dortheasvej 36, Bjerregaard, 6960 Hvide Sande",6960,Hvide Sande,3695000,Fritidsbolig,5,158,
"Horsfold 145, Bork Havn",,Bork Havn,665000,Fritidsbolig,3,40,
"Måensvej 1, Sulbæk, 9900 Frederikshavn",9900,Frederikshavn,565000,Fritidsbolig,2,42,
"Øvej 13, Husby Strandenge, 6990 Ulfborg",6990,Ulfborg,1745000,Fritidsbolig,5,120,
"Fuglebakkevej 29, Fuglslev",,Fuglslev,1575000,Fritidsbolig,3,74,
"Hf. Sønderbro 10, 2791 Dragør",2791,Dragør,1075000,Fritidsbolig,3,36,
"Baroniet 50, 3100 Hornbæk",3100,Hornbæk,3995000,Fritidsbolig,3,72,
"Kronhjortestien 2, Klint, 4500 Nykøbing Sj",4500,Nykøbing Sj,1275000,Fritidsbolig,3,51,
"Overgaden Oven Vandet 106, ligger udfor",,,3875000,Fritidsbolig,5,100,
"Øvej 22, Husby Strandenge, 6990 Ulfborg",6990,Ulfborg,3195000,Fritidsbolig,8,250,
"Golfsvinget 235, Gatten, 9640 Farsø",9640,Farsø,1595000,Fritidsbolig,3,76,
"Strandskrænten 35, 4400 Kalundborg",4400,Kalundborg,1595000,Fritidsbolig,3,51,
"Klitageren 17, Tornby Strand",,Tornby Strand,1695000,Fritidsbolig,4,90,
"Birkelunden 3, Over Draaby Strand, 3630 Jægerspris",3630,Jægerspris,1695000,Fritidsbolig,2,63,
"Krinkelkrog 3, Rindby Strand, 6720 Fanø",6720,Fanø,3995000,Fritidsbolig,4,133,
"Brinkevej 13B, Sandkås, 3770 Allinge",3770,Allinge,1995000,Fritidsbolig,4,54,
"Folvavej 18, 4873 Væggerløse",4873,Væggerløse,2098000,Fritidsbolig,5,112,
"Over Reese 5, Skyum Østerstrand",,Skyum Østerstrand,895000,Fritidsbolig,3,94,
"Tårsvej 130, 4912 Harpelunde",4912,Harpelunde,995000,Villa,4,150,
"Karolinevej 5, Kaldred, 4593 Eskebjerg",4593,Eskebjerg,695000,Fritidsbolig,2,56,
"Nattergalevej 7, Draget, 7760 Hurup Thy",7760,Hurup Thy,795000,Fritidsbolig,3,56,
"Krikvænge 32, Agger, 7770 Vestervig",7770,Vestervig,545000,Fritidsbolig,2,41,
"Storkevej 24, 4220 Korsør",4220,Korsør,1495000,Fritidsbolig,4,85,
Hejsager Strandby 221,,,2245000,Fritidsbolig,3,80,
"Fyrrevej 1, 3100 Hornbæk",3100,Hornbæk,10750000,Fritidsbolig,4,116,
"Lodbjergvej 48, Lodbjerg",,Lodbjerg,1695000,Fritidsbolig,7,135,2.0
"Kæruldsvej 17, Bjerge Sydstrand, 4480 Store Fuglede",4480,Store Fuglede,1895000,Fritidsbolig,5,101,
"Lyngvej 7, Sæbygård Feriecenter, 7870 Roslev",7870,Roslev,745000,Fritidsbolig,5,94,
Højbro 19 Køng,,Køng,2195000,Villa,8,309,
"Vadumvej 1E, Vadum, 7860 Spøttrup",7860,Spøttrup,495000,Fritidsbolig,3,83,
"Astrup Vig 67, Astrup Vig, 7870 Roslev",7870,Roslev,695000,Fritidsbolig,4,70,
"Brøndbækken 74, Øster Hurup, 9560 Hadsund",9560,Hadsund,1798000,Fritidsbolig,5,90,
"Baldersvej 11, Søndbjerg",,Søndbjerg,795000,Fritidsbolig,2,63,
"Tjørnehaven 5, Lammefjorden, 4571 Grevinge",4571,Grevinge,1095000,Fritidsbolig,4,85,
"Bekkasinvej 16, Lodskovvad, 9982 Ålbæk",9982,Ålbæk,1095000,Fritidsbolig,4,79,
"Skippervej 3, 3360 Liseleje",3360,Liseleje,5795000,Fritidsbolig,4,122,4.0
"Paradisvej 21, Rindby Strand, 6720 Fanø",6720,Fanø,2395000,Fritidsbolig,5,97,
"Rebekkavej 13, Bjerregaard, 6960 Hvide Sande",6960,Hvide Sande,1895000,Fritidsbolig,4,77,
"Broholmvej 135E, 4220 Korsør",4220,Korsør,1498000,Fritidsbolig,4,80,
"Peter Malersvej 29, 6857 Blåvand",6857,Blåvand,4995000,Fritidsbolig,8,215,
"Rønnebærvej 13, Thorsager, 8410 Rønde",8410,Rønde,998000,Fritidsbolig,3,68,
"Glentebakken 15, Hjarbæk",,Hjarbæk,2245000,Fritidsbolig,5,120,
"Vester Klitvej 2, Tversted, 9881 Bindslev",9881,Bindslev,11000000,Fritidsbolig,3,87,
"Dagsværmervej 39, Lille Kregme, 3300 Frederiksværk",3300,Frederiksværk,2195000,Fritidsbolig,4,95,
"Pilestien 716, 7190 Billund",7190,Billund,1950000,Fritidsbolig,3,72,
"Rørvænget 23, Stauning, 6900 Skjern",6900,Skjern,1245000,Fritidsbolig,4,82,
"Campanella 10, 3790 Hasle",3790,Hasle,1495000,Fritidsbolig,2,36,
"Vandpilesvinget 2, Klint, 4500 Nykøbing Sj",4500,Nykøbing Sj,2095000,Fritidsbolig,4,82,
"Blåbjergvej 70, Houstrup, 6830 Nørre Nebel",6830,Nørre Nebel,750000,Villa,4,60,
"Rubinvej 2 l12., 3790 Hasle",3790,Hasle,2395000,Fritidsbolig,5,123,
"Havebyen 5, 4900 Nakskov",4900,Nakskov,445000,Villa,3,109,
"Hf. Dahlia 75, 2650 Hvidovre",2650,Hvidovre,2245000,Fritidsbolig,3,57,
"Maxivej 61, Store Havelse Strand, 3310 Ølsted",3310,Ølsted,1795000,Fritidsbolig,4,121,
"Fasanstien 156A, 4970 Rødby",4970,Rødby,780000,Fritidsbolig,2,54,
Naldmose 10,,,1110000,Fritidsbolig,5,142,4.0
"Esthersvej 8, Skødshoved Strand",,Skødshoved Strand,4600000,Fritidsbolig,3,50,
"Bøllesmindevej 25, 4953 Vesterborg",4953,Vesterborg,235000,Fritidsbolig,3,75,
"Isøre Tingvej 25, 4581 Rørvig",4581,Rørvig,3895000,Fritidsbolig,4,88,
"Golfsvinget 20, Gatten, 9640 Farsø",9640,Farsø,1645000,Fritidsbolig,3,74,
"Strandvejen 158B, Vejlby, 7673 Harboøre",7673,Harboøre,2975000,Fritidsbolig,5,151,
"Mariehønevej 11, 9000 Aalborg",9000,Aalborg,995000,Fritidsbolig,4,100,
"Birkebakkerne 37, Ølsted Strand",,Ølsted Strand,3695000,Fritidsbolig,4,123,
"Skovhegnet 14, Ell Kohave, 4573 Højby",4573,Højby,1350000,Fritidsbolig,2,75,
"Sitkavænget 22, Tørresø Strand, 5450 Otterup",5450,Otterup,1895000,Fritidsbolig,4,90,
"Digeager 8, Overby Lyng, 4583 Sjællands Odde",4583,Sjællands Odde,1925000,Fritidsbolig,4,77,
"Pøt Strandby 357, Østrup, 7130 Juelsminde",7130,Juelsminde,1595000,Fritidsbolig,4,91,
"Skåstrup Strand Øst 83, Skåstrup Strand, 5400 Bogense",5400,Bogense,1795000,Fritidsbolig,3,91,
"Blomstervangen 137, Jegum, 6840 Oksbøl",6840,Oksbøl,1195000,Fritidsbolig,4,107,
"Feriebyen 3, 3250 Gilleleje",3250,Gilleleje,3785000,Fritidsbolig,4,98,
"Blishønevej 50, Kirke Stillinge, 4200 Slagelse",4200,Slagelse,1998000,Fritidsbolig,4,74,
"Lærkelundsvej 23, Øer",,Øer,1195000,Fritidsbolig,3,57,
"Redningsvej 50, 9990 Skagen",9990,Skagen,4975000,Fritidsbolig,4,90,
"Skovbrynet 40, Nymindegab, 6830 Nørre Nebel",6830,Nørre Nebel,695000,Villa,2,57,
"Gøgevej 5, 4874 Gedser",4874,Gedser,995000,Fritidsbolig,4,71,
"Fyrvej 26, st. 17, 6857 Blåvand",6857,Blåvand,1498000,Fritidsbolig,4,65,
"Ranunkelvej 2, Stoense Udflytter, 5953 Tranekær",5953,Tranekær,1595000,Fritidsbolig,5,101,
"Sønder-Vasevej 40, 6857 Blåvand",6857,Blåvand,9500000,Fritidsbolig,5,215,
"Golfsvinget 250, Gatten, 9640 Farsø",9640,Farsø,1495000,Fritidsbolig,3,66,
"Frede Juels Vej 202, Sønderby, 7130 Juelsminde",7130,Juelsminde,1895000,Fritidsbolig,4,64,
"Tranevej 32B, Saksild Str, 8300 Odder",8300,Odder,3600000,Fritidsbolig,5,140,
"Golfsvinget 233, Gatten, 9640 Farsø",9640,Farsø,1795000,Fritidsbolig,3,86,
"Fiskervej 65C, Egsmark Strand",,Egsmark Strand,2350000,Fritidsbolig,4,108,
"Koglestien 14, 8250 Egå",8250,Egå,5495000,Fritidsbolig,4,120,
"Golfsvinget 221, Gatten, 9640 Farsø",9640,Farsø,1795000,Fritidsbolig,3,89,
"Strandtoften 48, 8250 Egå",8250,Egå,4650000,Fritidsbolig,3,43,
"Sandskær Strandvej 56, 6200 Aabenraa",6200,Aabenraa,748000,Fritidsbolig,3,61,
"Åskrænten 11, Ejby, 4070 Kirke Hyllinge",4070,Kirke Hyllinge,995000,Fritidsbolig,0,50,
"Bellisvej 31, Stoense Udflytter, 5953 Tranekær",5953,Tranekær,1295000,Fritidsbolig,4,74,
"Lyngsbækvej 20, Femmøller Strand",,Femmøller Strand,2795000,Fritidsbolig,6,128,
"Haldbakken 7, Stødov Bakker, Helgenæs",,"Stødov Bakker, Helgenæs",1698000,Fritidsbolig,4,102,
"Torskekrogen 20, Købingsmark",,Købingsmark,1100000,Fritidsbolig,4,77,
"Strandlodsvej 6, 8340 Malling",8340,Malling,2295000,Fritidsbolig,4,116,
"Nellikevej 3, Smidstrup, 3250 Gilleleje",3250,Gilleleje,1995000,Fritidsbolig,3,65,
"Baunehøj 19, Ordrup, 4540 Fårevejle",4540,Fårevejle,2495000,Fritidsbolig,4,60,
"Mågevangen 2A, Handrup Strand",,Handrup Strand,1925000,Fritidsbolig,3,84,
Valnøddevej 5,,,5995000,Fritidsbolig,5,112,
"Ellenvej 12, Tversted, 9881 Bindslev",9881,Bindslev,1995000,Fritidsbolig,4,67,
"Strandvejen Grønninghoved 33, Grønninghoved, 6093 Sjølund",6093,Sjølund,3450000,Fritidsbolig,3,80,
"Strandvænget 64, Saksild Str, 8300 Odder",8300,Odder,3795000,Fritidsbolig,5,120,
"Broholmvej 201, 4220 Korsør",4220,Korsør,1445000,Fritidsbolig,3,96,
Kystvejen 37,,,6495000,Fritidsbolig,4,225,
"Hejsager Strandvej 268, 6100 Haderslev",6100,Haderslev,2195000,Fritidsbolig,3,60,
"Pøt Strandby 100, Østrup, 7130 Juelsminde",7130,Juelsminde,1295000,Fritidsbolig,4,65,
"Vester Mosevej 58, Husby, 6990 Ulfborg",6990,Ulfborg,1145000,Fritidsbolig,2,62,
"Laxtonvej 36, Fredmose, 5932 Humble",5932,Humble,995000,Fritidsbolig,4,64,
"Askø Strandvig 36, 4942 Askø",4942,Askø,595000,Fritidsbolig,4,88,
Kongelunden 20,,,1180000,Fritidsbolig,4,81,
"Crownvej 14B, Vrist, 7673 Harboøre",7673,Harboøre,1995000,Fritidsbolig,6,134,
"Karlasvej 1A, Lumsås, 4500 Nykøbing Sj",4500,Nykøbing Sj,3750000,Fritidsbolig,5,117,
"Sortebærvej 22, Vedersø, 6990 Ulfborg",6990,Ulfborg,1450000,Fritidsbolig,4,78,
"Ydunsvej 10, Melby Enghave, 3370 Melby",3370,Melby,1795000,Fritidsbolig,2,40,
"Baltsersensvej 16, Kjul Strand",,Kjul Strand,3495000,Fritidsbolig,4,132,
"Søndermølle 11, 8789 Endelave",8789,Endelave,795000,Fritidsbolig,7,211,
"Rørsangervej 10, Lodbj Hede, 6950 Ringkøbing",6950,Ringkøbing,2998000,Fritidsbolig,4,120,
"Bjørnevej 2, Bunken, 9982 Ålbæk",9982,Ålbæk,1495000,Fritidsbolig,3,61,
"Pilevej 6, Vemmingbund, 6310 Broager",6310,Broager,1845000,Fritidsbolig,4,65,
"Fjendstrupvej 9, Maglebrænde, 4850 Stubbekøbing",4850,Stubbekøbing,699000,Villa,4,93,
"Porsevej 19, Lendrup, 9670 Løgstør",9670,Løgstør,995000,Fritidsbolig,4,90,
"Fyrmarken 22, Nr Lyngvig, 6960 Hvide Sande",6960,Hvide Sande,1895000,Fritidsbolig,5,120,
"Havvejen 3B, Udbyhøj, 8950 Ørsted",8950,Ørsted,1595000,Fritidsbolig,4,102,
"Svingels Allé 31, 4900 Nakskov",4900,Nakskov,945000,Villa,4,127,
"M Christensens Vej 9, Åsendrup, 9480 Løkken",9480,Løkken,2495000,Fritidsbolig,5,110,
"Stenvendertoften 3, 4220 Korsør",4220,Korsør,698000,Fritidsbolig,3,78,
"Molevej 14, Baaring Mark, 5466 Asperup",5466,Asperup,3250000,Fritidsbolig,4,141,
"Ledgårdsvej 41, 3100 Hornbæk",3100,Hornbæk,5500000,Fritidsbolig,4,96,
"Mosevej 6, Tversted",,Tversted,1595000,Fritidsbolig,3,71,
"Gartnervænget 16, Kildekrog, 3100 Hornbæk",3100,Hornbæk,5495000,Fritidsbolig,4,91,
"Lindeparken 5, 9370 Hals",9370,Hals,1890000,Fritidsbolig,4,106,
"Hannesvej 62, Kærgården",,Kærgården,1545000,Fritidsbolig,4,124,
"Fyrrevej 24, Skovgårde, 8961 Allingåbro",8961,Allingåbro,875000,Fritidsbolig,4,55,
"Vikingbanke 6, 4400 Kalundborg",4400,Kalundborg,5500000,Fritidsbolig,4,68,
"Dortevej 11, Tversted, 9881 Bindslev",9881,Bindslev,9500000,Fritidsbolig,6,253,
"Dalstien 4, Asserbo, 3360 Liseleje",3360,Liseleje,1295000,Fritidsbolig,3,61,
"Skakkes Holm 76A, 8500 Grenaa",8500,Grenaa,2995000,Fritidsbolig,6,175,
"Ligustervej 11, 4873 Væggerløse",4873,Væggerløse,1350000,Fritidsbolig,4,60,
"Haslevgaarde Bakker 22, Haslevgaarde, 9560 Hadsund",9560,Hadsund,1095000,Fritidsbolig,3,77,
"Nattergalevej 22, 4671 Strøby",4671,Strøby,2045000,Fritidsbolig,2,76,
"Pilebakken 2, Øer, 8400 Ebeltoft",8400,Ebeltoft,1495000,Fritidsbolig,4,71,
"Midtagervej 6, Dyngby Strand, 8300 Odder",8300,Odder,2195000,Fritidsbolig,4,107,
"Vigen 17, As, 7130 Juelsminde",7130,Juelsminde,2095000,Fritidsbolig,4,82,
"Møllebjergvej 49, 4220 Korsør",4220,Korsør,1475000,Villa,3,126,
"Gedser Feriepark 38, 4874 Gedser",4874,Gedser,1025000,Fritidsbolig,3,42,
"Ærenprisvej 35, Tørring, 7620 Lemvig",7620,Lemvig,3695000,Fritidsbolig,5,128,
"Golfsvinget 258, Gatten, 9640 Farsø",9640,Farsø,1495000,Fritidsbolig,3,84,
"Stærevej 18, Over Draaby Strand, 3630 Jægerspris",3630,Jægerspris,1995000,Fritidsbolig,3,84,
"Kringsvej 15B, 6857 Blåvand",6857,Blåvand,9250000,Fritidsbolig,5,160,
"Orøvej 3, Høve Strand, 4550 Asnæs",4550,Asnæs,2990000,Fritidsbolig,4,68,6.0
"Sandgravs-Åsen 21, Bakkebjerg, 3230 Græsted",3230,Græsted,1795000,Fritidsbolig,3,60,
"Rishøj Sidevej 16, Nakke, 4500 Nykøbing Sj",4500,Nykøbing Sj,1875000,Fritidsbolig,2,52,
"Kindvigvej 36, 4735 Mern",4735,Mern,1595000,Villa,4,153,
"Nordlysvej 11, Søndervig, 6950 Ringkøbing",6950,Ringkøbing,2248000,Fritidsbolig,4,90,
"Kramnitsevej 71, Kramnitse, 4970 Rødby",4970,Rødby,1295000,Fritidsbolig,5,90,
"Sølyst 28, Spodsbj Drej, 5900 Rudkøbing",5900,Rudkøbing,1545000,Fritidsbolig,4,81,
"Kronhjortevej 26, Mikkelmark, 9370 Hals",9370,Hals,945000,Fritidsbolig,5,100,
"Remmerstrandvej 109, Gudum, 7620 Lemvig",7620,Lemvig,995000,Villa,4,131,75.0
"Grævlingevej 25, Husby, 6990 Ulfborg",6990,Ulfborg,2550000,Fritidsbolig,7,200,
Lonevej 27,,,795000,Fritidsbolig,3,75,
"Lappedykkervænget 1, Falen, Bork Havn, 6893 Hemmet",6893,Hemmet,1075000,Fritidsbolig,4,70,
"Gefionvej 5, 2740 Skovlunde",2740,Skovlunde,695000,Fritidsbolig,2,30,
"Skovduevej 32, Fuglslev, 8400 Ebeltoft",8400,Ebeltoft,1095000,Fritidsbolig,5,67,
"Skovbrynet 23, Skaven",,Skaven,2995000,Fritidsbolig,4,131,
"Musvågevej 69, Lodskovvad, 9982 Ålbæk",9982,Ålbæk,1695000,Fritidsbolig,4,99,
"N W Larsens Vej 1,",,,2300000,Fritidsbolig,4,112,
"Havmosevej 4, Sejs-Svejbæk, 8600 Silkeborg",8600,Silkeborg,2495000,Fritidsbolig,2,39,
Drosselvej 27,,,2495000,Fritidsbolig,4,104,
"Hjejlevej 15, Kirke Stillinge, 4200 Slagelse",4200,Slagelse,1495000,Fritidsbolig,2,76,
"Sivsangervej 6, Agger",,Agger,1950000,Fritidsbolig,2,90,
"Mejsevænget 1, Ordrup, 4540 Fårevejle",4540,Fårevejle,1595000,Fritidsbolig,3,50,
"Vile Vestergårdvej 33, Vile, 7870 Roslev",7870,Roslev,895000,Fritidsbolig,4,89,
"Planetvej 16, Holmens Bakker",,Holmens Bakker,1750000,Fritidsbolig,4,80,
"Ternevej 36, Store Sjørup",,Store Sjørup,1550000,Fritidsbolig,4,107,
"Tingodden 449, Aargab, 6960 Hvide Sande",6960,Hvide Sande,3195000,Fritidsbolig,4,96,
"Jelsevej 128, Lundø",,Lundø,2595000,Fritidsbolig,4,126,
"Rensdyrvej 31, Bonderup, 3250 Gilleleje",3250,Gilleleje,2695000,Fritidsbolig,4,111,
"Skovfyrvej 32, 8250 Egå",8250,Egå,3498000,Fritidsbolig,2,45,
"Nymandsbjerg 20, Bjerregaard, 6960 Hvide Sande",6960,Hvide Sande,2798000,Fritidsbolig,5,180,
"Præstegyden 13, Kristiansminde, 5450 Otterup",5450,Otterup,2295000,Fritidsbolig,3,72,
"Gindrupvej 5, Tornby, 9850 Hirtshals",9850,Hirtshals,1295000,Fritidsbolig,3,60,
"Glentebakken 13, Hjarbæk, 8831 Løgstrup",8831,Løgstrup,1995000,Fritidsbolig,4,100,
"Skovstien 8, Jegindø",,Jegindø,1475000,Fritidsbolig,4,87,
"Skovvej 3, Skødshoved Strand",,Skødshoved Strand,1198000,Fritidsbolig,5,127,
"Bakkevej 34, Ramløse Bakker",,Ramløse Bakker,3595000,Fritidsbolig,4,114,
"Duevænget 13, Hesselbjerg, 5932 Humble",5932,Humble,1595000,Fritidsbolig,5,103,
"Ringgårdsvej 26, 3100 Hornbæk",3100,Hornbæk,4195000,Fritidsbolig,4,84,
"Fiskervej 139, Vorupør, 7700 Thisted",7700,Thisted,1095000,Fritidsbolig,5,96,
"Bakken 4, Rindby Strand, 6720 Fanø",6720,Fanø,1795000,Fritidsbolig,4,74,
"Brunbjergvej 56, Lodbj Hede, 6950 Ringkøbing",6950,Ringkøbing,1198000,Fritidsbolig,4,86,
"Havrevænget 8, Dalby Strand, 4281 Gørlev",4281,Gørlev,875000,Fritidsbolig,3,63,
"Grusbakke-Åsen 12, Rågeleje, 3210 Vejby",3210,Vejby,2495000,Fritidsbolig,3,117,
"Kløwen 3, Rindby Strand, 6720 Fanø",6720,Fanø,2098000,Fritidsbolig,4,90,
"Løngangsstræde 16, Hummingen, 4983 Dannemare",4983,Dannemare,2450000,Fritidsbolig,4,113,
"Rørsangervej 14B, Store Sjørup, 8950 Ørsted",8950,Ørsted,1595000,Fritidsbolig,4,99,
"Thorsagervej 12, Udsholt, 3230 Græsted",3230,Græsted,2195000,Fritidsbolig,4,95,
"Carinvej 5, Tornby, 9850 Hirtshals",9850,Hirtshals,2950000,Fritidsbolig,5,129,
"Alkevej 37, Klitlund, 9982 Ålbæk",9982,Ålbæk,1825000,Fritidsbolig,3,85,
"Stenøvej 18, Gyngstrup, 5450 Otterup",5450,Otterup,295000,Villa,3,81,
"Rylevej 4, Hjarbæk",,Hjarbæk,1495000,Fritidsbolig,1,57,
"Nattergalevej 30, 4671 Strøby",4671,Strøby,1775000,Fritidsbolig,4,94,
"Lyngstien 6, Klitmøller, 7700 Thisted",7700,Thisted,2495000,Fritidsbolig,4,104,
"Solvejen 18, Lammefjorden, 4571 Grevinge",4571,Grevinge,995000,Fritidsbolig,6,104,
"Mågetoften 4, Bjerge Str, 4480 Store Fuglede",4480,Store Fuglede,1095000,Fritidsbolig,3,72,
"Orhøjvej 10, Næsby Strand, 4200 Slagelse",4200,Slagelse,1295000,Fritidsbolig,3,104,
"Rauhesvej 6, Bjerregaard, 6960 Hvide Sande",6960,Hvide Sande,1595000,Fritidsbolig,4,101,
"Arvidvej 174, Bjerregaard, 6960 Hvide Sande",6960,Hvide Sande,3795000,Fritidsbolig,5,120,
"Nattergalevej 12, Vibæk Strand",,Vibæk Strand,2198000,Fritidsbolig,4,92,38.0
"Tranevej 68, 4220 Korsør",4220,Korsør,1550000,Fritidsbolig,3,130,
"Granvej 13, Toftum Bjg, 7600 Struer",7600,Struer,2275000,Fritidsbolig,4,93,
"Ellebakken 1, Veddinge Bk, 4550 Asnæs",4550,Asnæs,2695000,Fritidsbolig,5,121,
"Ingridsvej 19, 4654 Faxe Ladeplads",4654,Faxe Ladeplads,1850000,Fritidsbolig,5,100,
"Harpøtvej 114, Skalstrup, 7570 Vemb",7570,Vemb,750000,Fritidsbolig,3,66,
"Lokesvej 3, Melby Enghave, 3370 Melby",3370,Melby,1175000,Fritidsbolig,2,68,
"Strandstien 340B, 4970 Rødby",4970,Rødby,935000,Fritidsbolig,2,53,
"Agger Havn Feriecenter 63, Agger Havn",,Agger Havn,795000,Fritidsbolig,4,57,
"Havstien 3, Søndervig, 6950 Ringkøbing",6950,Ringkøbing,2695000,Fritidsbolig,5,110,
"Humlegårdsvej 24, Bjerregaard, 6960 Hvide Sande",6960,Hvide Sande,1645000,Fritidsbolig,4,82,
"Gøgevej 34, 3120 Dronningmølle",3120,Dronningmølle,2500000,Fritidsbolig,3,64,
Granlien 18,,,4400000,Fritidsbolig,4,141,
"Lars Kruses Vej 3A, 9990 Skagen",9990,Skagen,7200000,Fritidsbolig,5,156,
"Bøgebjergvej 40, Hersnap, 5380 Dalby",5380,Dalby,2375000,Fritidsbolig,3,32,
"Egevænget 13, Dyngby Strand, 8300 Odder",8300,Odder,1545000,Fritidsbolig,2,57,
"Nordbakken 29, Lyngsbæk, 8400 Ebeltoft",8400,Ebeltoft,1995000,Fritidsbolig,4,120,
"Barsidalvej 19, Toftum Bjerge",,Toftum Bjerge,875000,Fritidsbolig,5,80,
"Golfsvinget 243, Gatten, 9640 Farsø",9640,Farsø,1295000,Fritidsbolig,3,66,
"Selledalen 1, Handrup, 8400 Ebeltoft",8400,Ebeltoft,1845000,Fritidsbolig,3,85,
"Vikærparken 43, Diernæs, 6100 Haderslev",6100,Haderslev,2850000,Fritidsbolig,5,126,44.0
"Haregade 14, 10, Aakirkeby, 3720 Aakirkeby",3720,Aakirkeby,595000,Fritidsbolig,3,42,
"Hyldestien 331, 7190 Billund",7190,Billund,1895000,Fritidsbolig,4,82,
"Harestien 206A, 4970 Rødby",4970,Rødby,895000,Fritidsbolig,3,62,
"Lyngstien 15, 9982 Ålbæk",9982,Ålbæk,1995000,Fritidsbolig,4,117,
"Gøgevej 57, Henne Strand, 6854 Henne",6854,Henne,5750000,Fritidsbolig,7,160,
"Revlingestien 49, Thorupstrand, 9690 Fjerritslev",9690,Fjerritslev,2100000,Fritidsbolig,5,116,
"Åmarksvej 28, Bjerge Sydstrand, 4480 Store Fuglede",4480,Store Fuglede,1295000,Fritidsbolig,3,72,
"Kolsterne 3, Tengslemrk L, 4573 Højby",4573,Højby,2495000,Fritidsbolig,4,120,
"Blokhusskoven 37, 6100 Haderslev",6100,Haderslev,2925000,Fritidsbolig,5,142,
"Ved Jægerdiget 6, 2670 Greve",2670,Greve,2795000,Fritidsbolig,1,19,
"Odensevej 197A, 5600 Faaborg",5600,Faaborg,695000,Villa,6,146,8.0
"Strandstien 727K, 4970 Rødby",4970,Rødby,750000,Fritidsbolig,2,47,
"Pærgårdkolonien 25, Sønderby, 7130 Juelsminde",7130,Juelsminde,1095000,Fritidsbolig,3,38,
"Hedevej 8, Nakke, 4500 Nykøbing Sj",4500,Nykøbing Sj,795000,Fritidsbolig,2,20,
"Sydskrænten 32, Jegum, 6840 Oksbøl",6840,Oksbøl,795000,Fritidsbolig,3,81,
"Svinget 19, 3250 Gilleleje",3250,Gilleleje,2795000,Fritidsbolig,3,76,
"Havstien 64, Søndervig, 6950 Ringkøbing",6950,Ringkøbing,2498000,Fritidsbolig,4,86,
"Brogade 33, Hou, 9370 Hals",9370,Hals,1740000,Villa,7,179,
"Fyrkatvej 31, 9500 Hobro",9500,Hobro,595000,Fritidsbolig,3,60,
"Stranden 14, Ferring, 7620 Lemvig",7620,Lemvig,885000,Fritidsbolig,3,71,
"Solskinsvej 1, Jørgensø Strand, 5450 Otterup",5450,Otterup,1895000,Fritidsbolig,4,79,1.0
"Ørnevej 5, Helgenæs",,Helgenæs,2200000,Fritidsbolig,6,113,
"Duevej 7, Bjerge Str, 4480 Store Fuglede",4480,Store Fuglede,2495000,Fritidsbolig,4,105,
"Dyremarken 12, 4720 Præstø",4720,Præstø,1895000,Villa,3,78,
"Fyrvej 7, Bisnap, 9370 Hals",9370,Hals,2200000,Fritidsbolig,4,76,
"Lundby Hovedgade 116, 4750 Lundby",4750,Lundby,1595000,Villa,5,149,144.0
"Brdr Lauridsensvej 1, Ho, 6857 Blåvand",6857,Blåvand,1599000,Fritidsbolig,4,75,
"Agermosen 12, 2650 Hvidovre",2650,Hvidovre,2395000,Fritidsbolig,2,57,
"Bjerget 26, Klint, 4500 Nykøbing Sj",4500,Nykøbing Sj,3695000,Fritidsbolig,4,90,
"Strandagervej 11, Bjerge Sydstrand, 4281 Gørlev",4281,Gørlev,4495000,Fritidsbolig,4,98,
"Solvænge 61, Agger, 7770 Vestervig",7770,Vestervig,465000,Fritidsbolig,2,44,
"Ved Bavnen 8, Sønderho, 6720 Fanø",6720,Fanø,1499000,Fritidsbolig,3,81,
"Sønder Klitvej 118, Haurvig, 6960 Hvide Sande",6960,Hvide Sande,1785000,Fritidsbolig,4,61,
"Hf. Kongevang 64, 2770 Kastrup",2770,Kastrup,2245000,Fritidsbolig,3,53,
"Sommerstedvej 53, Lyngs Drag",,Lyngs Drag,1145000,Fritidsbolig,5,107,
"Ejsingholmvej 17, Ejsingholm",,Ejsingholm,2975000,Fritidsbolig,14,529,
"Østparken 68, Hasmark Strand, 5450 Otterup",5450,Otterup,1695000,Fritidsbolig,4,70,
"Strandskadevej 14, 8250 Egå",8250,Egå,3995000,Fritidsbolig,4,96,
"Hellesvej 16, Ejby, 4070 Kirke Hyllinge",4070,Kirke Hyllinge,1995000,Fritidsbolig,3,123,
"Stiigs-Ager 3, Udsholt, 3230 Græsted",3230,Græsted,2795000,Fritidsbolig,7,133,
Kongeparken 28,,,598000,Fritidsbolig,3,52,
"Spovevej 12, Store Sjørup",,Store Sjørup,995000,Fritidsbolig,3,106,
"Indemarken 39, Skal Klit, 9800 Hjørring",9800,Hjørring,2495000,Fritidsbolig,6,154,
"Gruelundvej 9, Stoense Udflytter, 5953 Tranekær",5953,Tranekær,1195000,Fritidsbolig,4,75,
"Knaresbrovej 9, Vejlby, 7673 Harboøre",7673,Harboøre,1995000,Fritidsbolig,4,95,
"Småfolksvej 67, Kongsmark, 6792 Rømø",6792,Rømø,2195000,Fritidsbolig,5,115,
"Hedetoftvej 75, 6857 Blåvand",6857,Blåvand,3948000,Fritidsbolig,5,136,
Bramsensgårdvej 30,,,2645000,Fritidsbolig,6,150,
"Fjaltringvej 8, Lønstrup, 9800 Hjørring",9800,Hjørring,2995000,Fritidsbolig,3,55,
"Nybyvej 50C, Rindby Strand, 6720 Fanø",6720,Fanø,2495000,Fritidsbolig,5,121,
"Sneppedalen 98, Houvig, 6950 Ringkøbing",6950,Ringkøbing,4495000,Fritidsbolig,5,197,
"Nyrup Huse 16, Nyrup, 4500 Nykøbing Sj",4500,Nykøbing Sj,749000,Fritidsbolig,4,74,
"Hellesvej 17, Kærgården",,Kærgården,1495000,Fritidsbolig,5,116,
"Posmosevej 19, Saksild Str, 8300 Odder",8300,Odder,2595000,Fritidsbolig,5,94,
"Anker Eskildsens Vej 118, Nr Lyngvig, 6960 Hvide Sande",6960,Hvide Sande,1698000,Fritidsbolig,5,103,
"Kællingebyvejen 4, Pedersker, 3720 Aakirkeby",3720,Aakirkeby,1075000,Fritidsbolig,4,92,
"Klitrenden 11, Tornby Strand",,Tornby Strand,2495000,Fritidsbolig,6,149,
"Vejers Havvej 69, 6853 Vejers Strand",6853,Vejers Strand,3995000,Fritidsbolig,6,139,
"Strandvejen 52, 1. 119, Fanø Bad, 6720 Fanø",6720,Fanø,795000,Fritidsbolig,2,67,
"Strandvejen 52, 1. 50, Fanø Bad, 6720 Fanø",6720,Fanø,595000,Fritidsbolig,2,51,
"Fasanvej 2A, Øksenmølle",,Øksenmølle,748000,Fritidsbolig,3,44,
"Mæremosevej 7, Kulhuse, 3630 Jægerspris",3630,Jægerspris,945000,Fritidsbolig,2,50,
"Østenkrog 13, Øster Hurup, 9560 Hadsund",9560,Hadsund,1495000,Fritidsbolig,4,71,
"Tirsdagsengen 67, 3400 Hillerød",3400,Hillerød,1395000,Fritidsbolig,2,50,
"Østenkrog 3, Øster Hurup, 9560 Hadsund",9560,Hadsund,2795000,Fritidsbolig,4,91,
"Nordre Strandvej 475, 3100 Hornbæk",3100,Hornbæk,12800000,Fritidsbolig,8,127,
"Tranevej 10, Langø, 4900 Nakskov",4900,Nakskov,595000,Villa,4,145,
"Harestien 233A, 4970 Rødby",4970,Rødby,910000,Fritidsbolig,2,53,
"Torpvej 22, Lovns",,Lovns,1250000,Fritidsbolig,3,125,
"Barakvejen 22, Kulhuse, 3630 Jægerspris",3630,Jægerspris,995000,Villa,3,79,11.0
"Pilevej 3, Dalby Strand, 4281 Gørlev",4281,Gørlev,1795000,Fritidsbolig,3,125,
"Caprifolvej 10, Bisnap, 9370 Hals",9370,Hals,1890000,Fritidsbolig,4,80,
"Sandagervej 2A, Lystrup Strand, 8961 Allingåbro",8961,Allingåbro,1395000,Fritidsbolig,3,60,
"Strandbjerggårdsvej 31, 4400 Kalundborg",4400,Kalundborg,1795000,Fritidsbolig,3,105,
"Farmen 14, 8600 Silkeborg",8600,Silkeborg,3395000,Fritidsbolig,2,63,
"Golfsvinget 208, Gatten, 9640 Farsø",9640,Farsø,1498000,Fritidsbolig,3,70,
"Gøgevej 36, Hvalpsund, 9640 Farsø",9640,Farsø,895000,Fritidsbolig,3,77,
"Helligsøvej 20, 7760 Hurup Thy",7760,Hurup Thy,845000,Fritidsbolig,5,72,
"Dådyrvej 6, Vibæk Strand",,Vibæk Strand,1995000,Fritidsbolig,3,144,
"Gattenvej 90, Gatten, 9640 Farsø",9640,Farsø,3450000,Fritidsbolig,4,124,
"Storesøvej 12, Langesø, 3080 Tikøb",3080,Tikøb,2995000,Fritidsbolig,3,92,
"Havnegade 1, 9370 Hals",9370,Hals,2490000,Villa,6,151,
"Gunhildsvej 75, Kærgården",,Kærgården,1595000,Fritidsbolig,5,90,
"Lyngager 15, Saksild Str, 8300 Odder",8300,Odder,1895000,Fritidsbolig,4,57,
"Strandmarksvej 6, Yderby Lyng, 4583 Sjællands Odde",4583,Sjællands Odde,2995000,Fritidsbolig,4,126,
"Ny-Ager 15, Villingerød, 3120 Dronningmølle",3120,Dronningmølle,2695000,Fritidsbolig,3,101,
"Refsvindinge Byvej 15, Refsvindinge, 5853 Ørbæk",5853,Ørbæk,775000,Villa,3,91,
"Agnethesvej 8, Lyngså, 9300 Sæby",9300,Sæby,795000,Fritidsbolig,2,50,
"Hulager 5, Saksild Str, 8300 Odder",8300,Odder,2495000,Fritidsbolig,3,82,
"Birketvej 139, Reersnæs, 4941 Bandholm",4941,Bandholm,355000,Fritidsbolig,4,112,
"Skovgårdsparken 5, Amstrup, 8300 Odder",8300,Odder,3995000,Fritidsbolig,3,170,
"Stenlodsvej 39, Bjerge Sydstrand, 4480 Store Fuglede",4480,Store Fuglede,1795000,Fritidsbolig,1,30,
"Lærkevej 38, Ellinge Lyng, 4560 Vig",4560,Vig,2195000,Fritidsbolig,4,97,
"Jupitervej 13, Gl Bisnap, 9370 Hals",9370,Hals,2180000,Fritidsbolig,4,92,
"N P Jørgensens Vej 43, 3100 Hornbæk",3100,Hornbæk,8950000,Fritidsbolig,4,138,
"Portlandsvej 25, 9370 Hals",9370,Hals,930000,Fritidsbolig,1,30,
"Englodsvej 18, Ørby, 3210 Vejby",3210,Vejby,3495000,Fritidsbolig,4,117,
"Overmarksvej 4, Elsø, 7900 Nykøbing M",7900,Nykøbing M,1345000,Villa,5,123,
"Vester Storetoft 47, Sønderho, 6720 Fanø",6720,Fanø,3495000,Fritidsbolig,9,228,
"Hf. Brønshøjholm 13, 2700 Brønshøj",2700,Brønshøj,2595000,Fritidsbolig,3,55,
"Havstien 6, Rindby Strand, 6720 Fanø",6720,Fanø,5498000,Fritidsbolig,8,142,
"Kystvej 68, Binderup, 6091 Bjert",6091,Bjert,3950000,Fritidsbolig,3,118,
"Thorasvej 58, Kysing Næs, 8300 Odder",8300,Odder,2325000,Fritidsbolig,3,94,
"Vikærparken 49, Diernæs, 6100 Haderslev",6100,Haderslev,1795000,Fritidsbolig,4,67,
"Nordkapvej 4, Tversted, 9881 Bindslev",9881,Bindslev,1195000,Fritidsbolig,3,56,
"Rylevej 27, Store Sjørup, 8950 Ørsted",8950,Ørsted,998000,Fritidsbolig,4,85,
Lyngevej 39,,,2695000,Fritidsbolig,5,79,
Munkerupvej 4,,,4250000,Fritidsbolig,4,101,
"Horsfold 31, Nr Bork, 6893 Hemmet",6893,Hemmet,925000,Fritidsbolig,4,60,
"Hovedstrædet 39, V Assels, 7990 Øster Assels",7990,Øster Assels,275000,Villa,3,117,
"Rævegravs-Åsen 5, Smidstrup, 3250 Gilleleje",3250,Gilleleje,4495000,Fritidsbolig,5,121,
"Alkevej 2, 8250 Egå",8250,Egå,2895000,Fritidsbolig,4,98,33.0
"Slunden 21, Rindby Strand, 6720 Fanø",6720,Fanø,4485000,Fritidsbolig,5,105,59.0
"Frederikshøj 2, 7620 Lemvig",7620,Lemvig,675000,Villa,3,81,
"Hyldestien 323, 7190 Billund",7190,Billund,1895000,Fritidsbolig,5,82,
"Ritavej 24, 9370 Hals",9370,Hals,945000,Fritidsbolig,5,92,
"Vesteragegyden 33, Enemærket, 5683 Haarby",5683,Haarby,1695000,Fritidsbolig,4,75,
"Osbornsvej 5, 9370 Hals",9370,Hals,1590000,Fritidsbolig,4,105,
"Karen Brands Vej 187, 6960 Hvide Sande",6960,Hvide Sande,3498000,Fritidsbolig,4,84,
"Humlegårdsvej 6, Bjerregaard, 6960 Hvide Sande",6960,Hvide Sande,1995000,Fritidsbolig,4,88,
"Åsvinget 12, Ejby, 4070 Kirke Hyllinge",4070,Kirke Hyllinge,645000,Fritidsbolig,0,33,
"Røglevangen 15, Udsholt, 3230 Græsted",3230,Græsted,1995000,Fritidsbolig,4,119,
"Fyrvej 26, st. 22.",,,1600000,Fritidsbolig,4,61,
"Kågen 13, 9240 Nibe",9240,Nibe,2580000,Fritidsbolig,4,133,
"Bøgealle 3, Lodbj Hede, 6950 Ringkøbing",6950,Ringkøbing,1495000,Fritidsbolig,4,66,
"Munkegårdsskoven 13, Poulsker, 3730 Nexø",3730,Nexø,1795000,Fritidsbolig,5,74,
"Maribovej 180, 4900 Nakskov",4900,Nakskov,785000,Villa,5,170,25.0
"Ahornvej 3, 8500 Grenaa",8500,Grenaa,1145000,Fritidsbolig,3,66,
Rødgræsvej 4,,,1145000,Fritidsbolig,4,93,
"Kløften 3, Loddenhøj, 6200 Aabenraa",6200,Aabenraa,1148000,Fritidsbolig,4,74,
"Poppelvej 4, Skovgårde, 8961 Allingåbro",8961,Allingåbro,1175000,Fritidsbolig,3,139,
"Hf. Bachersminde 29, 2791 Dragør",2791,Dragør,3250000,Fritidsbolig,3,52,
"Egil Fischers Vej 14, Femmøller Strand, 8400 Ebeltoft",8400,Ebeltoft,5500000,Fritidsbolig,4,177,114.0
"Nørre Knoldevej 27, Skal Klit, 9800 Hjørring",9800,Hjørring,5400000,Fritidsbolig,8,150,
"Sellerup Strandvej 79, Sellerup, 7080 Børkop",7080,Børkop,5495000,Fritidsbolig,4,144,
"Høvedvej 20, 4581 Rørvig",4581,Rørvig,3595000,Fritidsbolig,4,95,
"Grindevej 14, Ulstrup, 9480 Løkken",9480,Løkken,1998000,Fritidsbolig,5,128,
"Vibsevej 61F, Vesterhave, 4736 Karrebæksminde",4736,Karrebæksminde,1095000,Fritidsbolig,2,44,
"Mejsevænget 7, Ordrup, 4540 Fårevejle",4540,Fårevejle,1600000,Fritidsbolig,5,75,
"Over Bækken 23, 9370 Hals",9370,Hals,615000,Fritidsbolig,3,54,
"Langdalsvej 42, Vråby, 6792 Rømø",6792,Rømø,2845000,Fritidsbolig,4,106,
"Svanevej 73, Hjarbæk, 8831 Løgstrup",8831,Løgstrup,1995000,Fritidsbolig,4,116,6.0
"Lilletoften 4, Over Draaby Strand, 3630 Jægerspris",3630,Jægerspris,695000,Fritidsbolig,6,122,
"Dyrholmen 119, Strand Esbønderup, 3250 Gilleleje",3250,Gilleleje,1795000,Fritidsbolig,3,75,
"Høgevej 130, Ebdrup, 8560 Kolind",8560,Kolind,573000,Fritidsbolig,3,50,
"Engbo 7, Kirkholm, 7130 Juelsminde",7130,Juelsminde,1995000,Fritidsbolig,4,78,
"Lakolk 248, Lakolk, 6792 Rømø",6792,Rømø,1998000,Fritidsbolig,4,71,
"Lærkestien 11, Næsby, 4305 Orø",4305,Orø,2395000,Fritidsbolig,5,94,
"Lenesvej 9, 9480 Løkken",9480,Løkken,2350000,Fritidsbolig,5,136,
"Mosesvinget 10, Buresø, 3550 Slangerup",3550,Slangerup,7195000,Fritidsbolig,4,150,76.0
"Illeris 37, Hvalpsund, 9640 Farsø",9640,Farsø,775000,Fritidsbolig,4,89,
"Mælkebøttevej 8, 4873 Væggerløse",4873,Væggerløse,1395000,Fritidsbolig,3,66,
"Kragemarken 25, Tornby, 9850 Hirtshals",9850,Hirtshals,1795000,Fritidsbolig,4,76,
"Elisesvej 58, Trend, 9670 Løgstør",9670,Løgstør,595000,Fritidsbolig,4,50,
"Falkevej 12, 4872 Idestrup",4872,Idestrup,795000,Fritidsbolig,2,27,
"Engvænget 3, Lammefjorden, 4571 Grevinge",4571,Grevinge,795000,Fritidsbolig,2,50,
"Klintestien 29, Roneklint St, 4720 Præstø",4720,Præstø,1350000,Fritidsbolig,2,55,
"Bro Skov 8, Bro Skov, 5464 Brenderup Fyn",5464,Brenderup Fyn,898000,Fritidsbolig,4,98,
"Løjt Feriecenter 1 119, 6200 Aabenraa",6200,Aabenraa,695000,Fritidsbolig,3,60,
"Vipstjertevej 1, 3210 Vejby",3210,Vejby,2750000,Fritidsbolig,3,83,
"Falkevej 13, 3300 Frederiksværk",3300,Frederiksværk,2150000,Fritidsbolig,1,44,5.0
"Ålesaksen 4, 4780 Stege",4780,Stege,2200000,Fritidsbolig,3,90,
"Binderup Strandpark 4, Binderup, 6091 Bjert",6091,Bjert,1450000,Fritidsbolig,3,62,
"Hejrevænget 5, Sdr Bork, 6893 Hemmet",6893,Hemmet,1295000,Fritidsbolig,6,90,
"Strandkrogen 13, Hasmark Strand, 5450 Otterup",5450,Otterup,3295000,Fritidsbolig,5,107,
"Havklitvej 12, Klegod, 6950 Ringkøbing",6950,Ringkøbing,3795000,Fritidsbolig,4,118,
"Fjordparken 21, Helberskov, 9560 Hadsund",9560,Hadsund,2495000,Fritidsbolig,5,149,
"Mågelunden 2, Kramnitze, 4970 Rødby",4970,Rødby,1595000,Fritidsbolig,4,124,
"Strandvejen 150, 8, Tranum, 9460 Brovst",9460,Brovst,495000,Fritidsbolig,3,63,
"Kronvildtvej 20, Krogen, 9460 Brovst",9460,Brovst,1645000,Fritidsbolig,5,120,
"Øreringene 4, 8400 Ebeltoft",8400,Ebeltoft,5995000,Fritidsbolig,5,159,
"Rågeleje Strandvej 91Y, st. C7 23, 3210 Vejby",3210,Vejby,10000,Fritidsbolig,2,33,
"Stormvej 30, Atterup, 4571 Grevinge",4571,Grevinge,1895000,Fritidsbolig,4,81,
"Vedhammervej 13, Lumsås, 4500 Nykøbing Sj",4500,Nykøbing Sj,3595000,Fritidsbolig,5,82,
"Hovborgvej 30N, 7200 Grindsted",7200,Grindsted,545000,Fritidsbolig,2,35,
"Strandvangen 44, Pedersker, 3720 Aakirkeby",3720,Aakirkeby,3695000,Fritidsbolig,5,120,
"Ternevej 23, Strandet, 7840 Højslev",7840,Højslev,895000,Fritidsbolig,5,83,
"Kirstinevej 10, Bjerregaard, 6960 Hvide Sande",6960,Hvide Sande,1565000,Fritidsbolig,4,82,
"Ravnsager 7, Saksild Str, 8300 Odder",8300,Odder,2398000,Fritidsbolig,5,63,24.0
"Søstjernevej 26, Bildsø, 4200 Slagelse",4200,Slagelse,2498000,Fritidsbolig,3,49,
"Ristinge Sommerland 60, Ristinge, 5932 Humble",5932,Humble,1795000,Fritidsbolig,4,94,
"Boulevarden 9P, Balka, 3730 Nexø",3730,Nexø,995000,Fritidsbolig,3,54,
"Fyrrekrat 22, Søndervig, 6950 Ringkøbing",6950,Ringkøbing,2695000,Fritidsbolig,4,107,
"Høgevej 6, Smidstrup, 3250 Gilleleje",3250,Gilleleje,8500000,Fritidsbolig,4,108,
"Gøgeurtvej 10, 4760 Vordingborg",4760,Vordingborg,1995000,Fritidsbolig,4,81,17.0
"Pilevej 3, Egense, 9280 Storvorde",9280,Storvorde,765000,Fritidsbolig,3,75,
"Sletten 62, Odde, 9560 Hadsund",9560,Hadsund,1498000,Fritidsbolig,4,130,
"Vesterled 4, 4874 Gedser",4874,Gedser,2775000,Fritidsbolig,2,72,
"Fyrrevangen 15, Vesternæs, 4900 Nakskov",4900,Nakskov,845000,Fritidsbolig,1,32,
"Vestervang 37, Dejret, 8420 Knebel",8420,Knebel,1245000,Fritidsbolig,4,64,
"Smidstrup Strandvej 127A, Smidstrup, 3250 Gilleleje",3250,Gilleleje,5498000,Fritidsbolig,4,113,
"Slettevej 65, 7673 Harboøre",7673,Harboøre,2465000,Fritidsbolig,6,151,
"Grindevej 23, Ulstrup, 9480 Løkken",9480,Løkken,1895000,Fritidsbolig,4,117,
"Dyrefolden 31, Hee, 6950 Ringkøbing",6950,Ringkøbing,1110000,Fritidsbolig,4,71,
"Elmelundsvej 19, Lyngsbæk Str, 8400 Ebeltoft",8400,Ebeltoft,2195000,Fritidsbolig,7,99,
"Furrebyvej 4, 9480 Løkken",9480,Løkken,1298000,Fritidsbolig,2,41,
"Hjortespringet 11, Lyngså, 9300 Sæby",9300,Sæby,1295000,Fritidsbolig,7,140,
"Egernlunden 12, Tibirke Sand, 3300 Frederiksværk",3300,Frederiksværk,3695000,Fritidsbolig,4,114,
"Kallesmærskvej 12, 6857 Blåvand",6857,Blåvand,2995000,Fritidsbolig,4,80,
"Rodbjerg 32, Skarrev, 6200 Aabenraa",6200,Aabenraa,1075000,Fritidsbolig,3,67,
"Øvrevænget 17, 3220 Tisvildeleje",3220,Tisvildeleje,17000000,Fritidsbolig,9,316,100.0
"Midtvej 6, 4874 Gedser",4874,Gedser,895000,Fritidsbolig,4,52,
"Brisevej 6, Lumsås, 4500 Nykøbing Sj",4500,Nykøbing Sj,2495000,Fritidsbolig,4,78,
"Horizonvej 19, Vrist, 7673 Harboøre",7673,Harboøre,1795000,Fritidsbolig,5,73,
"Kattegatvej 14, 3250 Gilleleje",3250,Gilleleje,4399000,Fritidsbolig,4,100,
"Strandbakken 25, Skåstrup Str, 5400 Bogense",5400,Bogense,1895000,Fritidsbolig,3,77,
"Bjarnesvej 7, Lyngså, 9300 Sæby",9300,Sæby,1295000,Fritidsbolig,4,90,
"Skovmårvej 12, Bognæs, 4300 Holbæk",4300,Holbæk,995000,Fritidsbolig,4,79,
"Elvervej 34, Napstjert, 9982 Ålbæk",9982,Ålbæk,1395000,Fritidsbolig,4,57,
"Langelinie 28A, Vesterhave, 4736 Karrebæksminde",4736,Karrebæksminde,1750000,Fritidsbolig,2,36,
"Orionvej 2, Vejlby Fed, 5500 Middelfart",5500,Middelfart,1895000,Fritidsbolig,3,62,
"Kærvangen 6, 3650 Ølstykke",3650,Ølstykke,1650000,Fritidsbolig,3,74,
"Ved Volden 13, 6857 Blåvand",6857,Blåvand,7998000,Fritidsbolig,7,247,
"Folvavej 2, 4873 Væggerløse",4873,Væggerløse,2799000,Fritidsbolig,6,136,
"Hjarnøvej 5, Bønnerup Strand, 8585 Glesborg",8585,Glesborg,2195000,Fritidsbolig,6,139,
"Risbjergvej 20, Lodbj Hede, 6950 Ringkøbing",6950,Ringkøbing,1995000,Fritidsbolig,5,118,
"Eskemosevej 9, Kulhuse, 3630 Jægerspris",3630,Jægerspris,3695000,Fritidsbolig,5,175,
"Øster-Skovvej 61, Nørhede, 6990 Ulfborg",6990,Ulfborg,1395000,Fritidsbolig,4,90,
"Halvrebene 46, Als, 9560 Hadsund",9560,Hadsund,1875000,Fritidsbolig,4,108,
"Ebenezervej 20, Stenbjerg, 7752 Snedsted",7752,Snedsted,998000,Fritidsbolig,2,57,
"Strandvænget 9, Saksild Str, 8300 Odder",8300,Odder,3295000,Fritidsbolig,4,109,
"Cypresvænget 197, Enø, 4736 Karrebæksminde",4736,Karrebæksminde,1245000,Fritidsbolig,4,47,
"Lodbergsvej 433, Søndervig, 6950 Ringkøbing",6950,Ringkøbing,2695000,Fritidsbolig,4,81,
"Martin Lyngesvej 2, Ellinge Lyng, 4560 Vig",4560,Vig,2295000,Fritidsbolig,6,138,
"Marina Fiskenæs Feriepark 37, 6300 Gråsten",6300,Gråsten,1399000,Fritidsbolig,5,98,
"Bifrost 11, Godthåb, 2740 Skovlunde",2740,Skovlunde,925000,Fritidsbolig,3,36,
"Følfodvej 3, 4873 Væggerløse",4873,Væggerløse,1395000,Fritidsbolig,4,78,
"Gransangervej 34, Langesø, 3080 Tikøb",3080,Tikøb,5495000,Fritidsbolig,4,93,
"Sand Holms Vej 11, Søndervig, 6950 Ringkøbing",6950,Ringkøbing,2248000,Fritidsbolig,4,87,
"Hejsager Strandby 33, 6100 Haderslev",6100,Haderslev,3998000,Fritidsbolig,4,83,
"Strandgaardsvej 24, Over Draaby Strand, 3630 Jægerspris",3630,Jægerspris,1695000,Fritidsbolig,3,88,
"Havnevej 14F, 3770 Allinge",3770,Allinge,3000000,Fritidsbolig,3,72,
"Alrøvej 109, Amstrup, 8300 Odder",8300,Odder,1195000,Fritidsbolig,3,58,
"Hulvej 28, 8400 Ebeltoft",8400,Ebeltoft,2195000,Fritidsbolig,5,105,
"Digestykket 4, Mosebølle, 4640 Faxe",4640,Faxe,675000,Fritidsbolig,4,60,
"Rosenvej 9, 6853 Vejers Strand",6853,Vejers Strand,6850000,Fritidsbolig,4,154,
"Faarup Klitvej 11, 9493 Saltum",9493,Saltum,2195000,Fritidsbolig,4,61,
"Hvidbjergvej 12, Søndervig, 6950 Ringkøbing",6950,Ringkøbing,3595000,Fritidsbolig,4,117,
"Hinkærvej 3, 8250 Egå",8250,Egå,3698000,Fritidsbolig,3,57,
"Rønstrupvej 77, Of Ågerup, 2750 Ballerup",2750,Ballerup,1495000,Fritidsbolig,2,60,
"Henriettevej 10, Gudmindrup Lyng, 4573 Højby",4573,Højby,2695000,Fritidsbolig,3,75,
"Midtvej 35, Bjerregaard, 6960 Hvide Sande",6960,Hvide Sande,1095000,Fritidsbolig,4,65,
"Vendevej 1, Buresø, 3550 Slangerup",3550,Slangerup,5995000,Fritidsbolig,5,163,
"Strandvejen 191, Hou, 9370 Hals",9370,Hals,895000,Fritidsbolig,4,91,
"Vesterprisvej 16, 3220 Tisvildeleje",3220,Tisvildeleje,14450000,Fritidsbolig,9,240,120.0
"Thorsvej 4, Kyndeløse, 4070 Kirke Hyllinge",4070,Kirke Hyllinge,1095000,Fritidsbolig,2,47,
"Bjergkløverstien 20, Vestervang, 4583 Sjællands Odde",4583,Sjællands Odde,1895000,Fritidsbolig,4,80,
"Regnspovedalen 38, Houvig, 6950 Ringkøbing",6950,Ringkøbing,2148000,Fritidsbolig,4,80,
"Munkerup Have 58, Munkerup, 3120 Dronningmølle",3120,Dronningmølle,7450000,Fritidsbolig,5,117,
"Rivedalen 19, 3220 Tisvildeleje",3220,Tisvildeleje,6750000,Fritidsbolig,2,25,
"Kragetoppen 2, Tornby, 9850 Hirtshals",9850,Hirtshals,4495000,Fritidsbolig,4,125,
"Strandparken 71, Helberskov, 9560 Hadsund",9560,Hadsund,1295000,Fritidsbolig,4,91,
"Rødtopvej 18, 4873 Væggerløse",4873,Væggerløse,1795000,Fritidsbolig,3,88,
"Sigynsvej 14, 3370 Melby",3370,Melby,1445000,Fritidsbolig,3,66,
"Odinsvej 18, Hønsinge L, 4560 Vig",4560,Vig,1295000,Fritidsbolig,4,76,
"Gyvelvej 46, Kildekrog, 3100 Hornbæk",3100,Hornbæk,7300000,Fritidsbolig,5,108,12.0
"Stengårdsvænge 12, Salvig, 4305 Orø",4305,Orø,795000,Fritidsbolig,3,71,
"Ernst Hansensvej 3, Ellinge Lyng, 4573 Højby",4573,Højby,1495000,Fritidsbolig,4,87,
"Tøtmosen 22, Egense, 9280 Storvorde",9280,Storvorde,995000,Fritidsbolig,6,132,
"Reedtzholmvej 161, Enø, 4736 Karrebæksminde",4736,Karrebæksminde,1345000,Fritidsbolig,4,63,
"Hf. Kongevang 55B, 2770 Kastrup",2770,Kastrup,2450000,Fritidsbolig,4,76,
"Arvidvej 16, Bjerregaard, 6960 Hvide Sande",6960,Hvide Sande,4248000,Fritidsbolig,5,120,
"Østersbanken 14, 9240 Nibe",9240,Nibe,495000,Fritidsbolig,3,60,
"Frejavej 13, 2740 Skovlunde",2740,Skovlunde,1095000,Fritidsbolig,2,50,
"Klokkegrund 7A, Øer, 8400 Ebeltoft",8400,Ebeltoft,3995000,Fritidsbolig,6,180,
"Blåbærvej 13, Napstjert, 9981 Jerup",9981,Jerup,1395000,Fritidsbolig,4,81,
"Nellemannsvej 33, Lyngså, 9300 Sæby",9300,Sæby,798000,Fritidsbolig,4,84,
"Raimers Ager 1, Smidstrup, 3250 Gilleleje",3250,Gilleleje,1575000,Fritidsbolig,2,43,
"Bjergfyrvej 10, 8250 Egå",8250,Egå,2845000,Fritidsbolig,3,62,
"Ericavej 2, 8250 Egå",8250,Egå,4395000,Fritidsbolig,4,106,
"Hejrevej 59, Ramløse, 3200 Helsinge",3200,Helsinge,1595000,Fritidsbolig,2,61,
"Agervang 27, 3370 Melby",3370,Melby,2195000,Fritidsbolig,3,45,
"Hans Thuesensvej 11B, 6857 Blåvand",6857,Blåvand,5498000,Fritidsbolig,6,269,
"Syrenvej 5, Bønsvig Str, 4720 Præstø",4720,Præstø,1999000,Fritidsbolig,5,113,
"Hybenvej 60, Stauning, 6900 Skjern",6900,Skjern,745000,Fritidsbolig,4,75,
"Horntoftevej 15, 6857 Blåvand",6857,Blåvand,2998000,Fritidsbolig,4,89,
"Engblommevej 5, 4040 Jyllinge",4040,Jyllinge,2395000,Fritidsbolig,4,89,
"Hovdiget 7, Dalby Huse, 3630 Jægerspris",3630,Jægerspris,1045000,Fritidsbolig,4,65,
"Fourmivej 56, Vrist, 7673 Harboøre",7673,Harboøre,1450000,Fritidsbolig,5,125,
"Fiskervej 35P, Mommark, 6470 Sydals",6470,Sydals,1395000,Fritidsbolig,3,47,
"Vildmosevej 3, Saltvig, 4952 Stokkemarke",4952,Stokkemarke,595000,Fritidsbolig,4,100,
"Aarø Strandhøj 7, 6100 Haderslev",6100,Haderslev,1745000,Fritidsbolig,5,109,
"Rønne Alle 23, Begtrup, 8420 Knebel",8420,Knebel,3495000,Fritidsbolig,3,136,
"Skolelodden 19, Smidstrup, 3250 Gilleleje",3250,Gilleleje,3195000,Fritidsbolig,4,120,
"Vejlby Klit 191, Vejlby, 7673 Harboøre",7673,Harboøre,2395000,Fritidsbolig,8,186,
"Dekanvej 2, Yderby Lyng, 4583 Sjællands Odde",4583,Sjællands Odde,1595000,Fritidsbolig,3,54,
"Skovvej 9, Sunddraget, 7790 Thyholm",7790,Thyholm,895000,Fritidsbolig,4,73,
"Krejsagervej 1, 3210 Vejby",3210,Vejby,2695000,Fritidsbolig,5,73,
"Skovsneppevej 5, Kulhuse, 3630 Jægerspris",3630,Jægerspris,1375000,Fritidsbolig,2,77,
"Mosehaven 3, 2640 Hedehusene",2640,Hedehusene,1445000,Fritidsbolig,3,43,
